gid,PC1,PC2,PC3,PC4
PI_173680,-0.00731750720748606,-0.0280066861051706,-0.0033685426253433,-0.0184088175704635
PI_173685,-0.0140854608639807,-0.0104305805404672,0.0044996405676624,-0.0441072935415237
PI_173686,-0.0134949100104513,-0.0229462614743661,0.00453308095638984,-0.0110993130801003
PI_173681,0.0921876055854453,0.011644340688679,-0.0140027181477566,0.00582203510295631
PI_173683,-0.0195850927611652,-0.0116838438278424,0.0122774000750748,-0.0248806146862493
PI_173684,-0.00995449222754231,-0.0477992212183753,-0.0233178535554461,0.0110679000897623
PI_176959,0.0357869541368283,-0.0152354368156016,-0.0117711413848192,-0.00222225077909748
PI_164957,-0.0122738245838503,-0.0639227589457918,-0.0326390987453651,0.0227883931504267
PI_176965,-0.00889425282998709,-0.00605510588267475,0.0264690734008817,-0.0437002945678233
PI_176964,-0.0123448584148571,-0.0570138151438364,-0.0300457234992499,0.015302714977425
PI_176961,-0.0138694431261373,-0.0460565987402312,-0.0217358570565435,0.00876748438002074
PI_176962,-0.0167195947381066,-0.0222886097494287,0.00190876740186647,-0.0167408363631397
PI_597784,0.0337142820641216,0.0194960506484092,0.0602932481294171,0.0633333815583801
PI_595364,-0.0125878164469045,0.0126514633193379,0.0433878875677806,0.0387883043907282
PI_357892,0.00409571184834275,0.00399522751578719,0.047468044775654,-0.0336380574913454
PI_357893,0.0433689626135762,0.00848995865124956,0.0118428243390541,-0.0215209760756304
PI_344354,-0.0139483003267152,-0.0644012404323396,-0.0411724334498289,0.0306651054677251
PI_344356,-0.0144362477535918,-0.0193671331060395,0.00322587516129776,-0.0178369004848674
PI_344357,-0.0104823132673295,-0.0434515589370425,-0.0222589825000881,0.000975398603105943
PI_344358,0.0215826636926374,-0.0296317794090142,-0.020244282288632,0.0024320726338539
PI_344359,-0.0140333716524951,-0.0229703078549644,0.025932373804806,0.0139310499191379
PI_599994,-0.00912451277171409,0.017665773132263,0.0965203750835824,0.112066264373255
PI_512186,-0.0364940633644385,0.0573058154130238,-0.055177753830656,0.010474428437976
PI_512185,-0.0329633371421274,0.0566889745082189,-0.0541716747614542,0.00364208275519393
PI_512189,-0.0393524521707526,0.0660538160157972,-0.0560795672340049,0.0172857759146255
PI_512188,-0.0364892195337806,0.0605115841529954,-0.0665242207450909,0.0098436309333749
PI_216032,0.0746790501307943,0.0142292339614196,-0.00824480071294319,-0.00282679676983615
PI_183232,-0.0103028469654177,-0.0038399650588889,0.0455808151358716,0.0101927662093986
PI_512192,-0.0345613049967966,0.0596724314534813,-0.0623737419531209,0.00546984070287653
Ames_7770,-0.0166358332855507,0.00204047907398243,0.0133387142712542,-0.050348638440169
PI_512190,-0.0374005195763384,0.063502229153292,-0.057768991708389,0.018093242839951
PI_368588,-0.0116440976052972,-0.00166138287363659,0.0232560669589518,-0.0375783182926809
PI_368589,-0.00899325635988654,-0.00101509869661037,0.0206664185892313,-0.0480651696523483
PI_368586,-0.0189831060292954,0.00414105177632344,0.0383148174026946,-0.0531213898275146
PI_368587,-0.0105038141767687,-0.00375291581155655,0.0291598346410342,-0.048354398025457
PI_507885,0.00783875008682928,0.0110611597731459,0.0397315295822404,-0.0190297912312596
PI_507882,-0.00484014822827016,0.00883209039188,0.050682096861095,-0.033933900001867
PI_193499,-0.0136051013250237,-0.00917634126610217,0.00931650277503595,-0.0530555301280725
PI_490278,0.0311799661515455,-0.0135626547184076,-0.00662226967079624,-0.0085075440415179
PI_490279,0.0375806697126283,-0.0133081662040579,-0.0115381276094247,0.0113199934873509
PI_490277,-0.0256957888613551,0.0613958280005361,-0.0452067169360072,0.00783223557198839
PI_490274,-0.0110723337284974,0.0011588841731228,0.0539864682321054,0.0235386824258091
PI_490275,0.0113786441950364,0.0205875171748926,0.0299232254843904,-0.0323828336087487
PI_368591,-0.0105316902791879,-0.00172074309100127,0.0404277179141876,-0.0519300248591622
PI_368592,-0.0156236347910682,0.00394557197598285,0.0372441206238824,-0.0383625702403635
PI_167199,-0.0132315566871282,-0.0708504480602049,-0.0469024795000628,0.035251331396726
PI_368590,-0.0117612679323248,-0.0100196805752293,0.0226724296934216,-0.0241355757250624
PI_222721,-0.0119363220721402,-0.0475911447271721,-0.0221815135609254,0.00933537482473129
PI_222722,-0.0111131476833578,-0.0535302801383023,-0.036045173903893,0.0125491850421112
PI_209783,-0.0160818572561141,0.0143277415694008,0.0691647745183686,-0.00135985547676096
PI_438716,-0.0418133133945833,0.0659283340263122,-0.0615222497180186,0.00923685694501906
PI_438717,-0.040226823634276,0.0590644181555137,-0.0561283572749277,0.00538604287275504
PI_438711,-0.0176826199487482,0.0399940405244544,-0.0106517302336562,-0.014251655906143
Ames_25941,-0.00795349120610579,0.00744839821062542,0.046080361672968,-0.0114738610259057
Ames_25942,-0.0067541006721899,0.00478701318471778,0.0407713323391516,-0.0236817290067879
Ames_25700,-0.0109685150845532,0.00376680284448048,0.0723052124048296,0.134933341488819
Ames_25945,-0.0107502316770707,0.0141875299605337,0.0413588264129433,-0.0172839479699884
Ames_25701,-0.00666502888920315,-0.00429378755215428,0.058834207304241,0.113456715094045
Ames_25943,-0.0120370069595846,0.0024360085115297,0.0455837899677543,-0.0187999459588643
Ames_25944,-0.00811105802534587,0.0122304648483284,0.0515477444711082,-0.018120313382739
PI_304061,-0.0138781211155898,-0.00484064288701307,0.0262286322125152,-0.10110824403887
PI_296388,-0.0137552223150699,-0.0545289311204374,-0.0390325076023188,0.0178539900030047
PI_368595,-0.00602606216418569,-0.000815299003207162,0.0403108060073188,-0.045725082280136
PI_368596,-0.0104842875130721,-0.000138054818006168,0.0386367960348019,-0.0397504610311069
PI_183678,-0.00783803753370292,-0.0514306864669208,-0.0172495096301106,0.0178343955235244
PI_368593,-0.0177652342552645,-0.000567465245942013,0.0328520320098838,-0.0453669889637266
PI_368594,-0.00785582365676644,-0.00569339892975025,0.0259605927672848,-0.0545186160590922
PI_368599,-0.0150953927543711,-0.0279644039693468,0.000747964331078804,-0.00394848620108758
PI_368597,-0.0120924280618667,-0.00026328338513355,0.0276175644572462,-0.0513549497023132
PI_368598,-0.0117792781892285,-0.00104383824888432,0.0336999441086816,-0.0351243102607678
PI_135398,0.0135919397553403,-0.00353630258578803,0.0152104297451774,0.0222350466740133
PI_438700,0.0197333584698851,0.0461413963032505,-0.0255772945551565,0.00892800657531134
PI_135394,0.0677092466589024,0.0165831525270795,-0.00743225141183999,-0.0128156144794115
PI_355054,-0.00909365621923051,-0.0618407431912818,-0.0387169628663186,0.0182797025451601
PI_507888,-0.00691672271682772,0.00742903337072506,0.050528722553332,-0.0263497666734354
PI_381323,-0.0110254345163467,0.00146778304734798,0.0222052313626687,-0.0869230913393896
PI_507887,-0.00697146273952154,0.00540957096622568,0.034787533677969,-0.0112113643664661
PI_507886,-0.00824911973203118,0.000943659968269471,0.0450265502133128,0.00798691948053978
NSL_98075,0.0785096154976525,0.0117700194011895,-0.0110197473412524,0.00340953631725899
PI_176550,-0.0169665633649621,-0.00582169988598247,0.0203675536336848,-0.0505105106427669
PI_370465,-0.0115139284704336,-0.00564567509855703,0.0268171239693888,-0.0443190617923456
PI_176551,-0.0111066990030878,-0.0104539834595008,0.0311753010276018,-0.0510001573560599
PI_370464,-0.0153025533257774,0.0030382285728976,0.0360364649803205,-0.043264871163006
PI_370467,-0.0136099754897393,0.0019463630128081,0.0295960751797768,-0.0407296622688796
PI_370466,-0.0174593565282078,0.00331601595578936,0.0330125667243496,-0.03429123364533
PI_458748,-0.0302055855268277,0.0618836735693591,-0.0580444605365515,0.0027790047781384
PI_370463,-0.0105838848404983,-0.00445681009245642,0.027503359716884,-0.040682184706252
PI_370462,-0.0137393264126472,0.00297613893098032,0.0265632422638927,-0.0283008326478003
PI_176552,-0.0114048708538592,-0.0472056732033902,-0.0271758816150469,0.00587247584603326
PI_176553,-0.0106567569229892,-0.0504092629226119,-0.022210882537222,0.00848586410418024
PI_163232,-0.0164738742914197,-0.00102936372821071,0.018895872516094,-0.0785211171508997
PI_181912,-0.00647441968185097,-0.0543359468389537,-0.0292181101146824,0.017263566984481
PI_458750,-0.0290692289526585,0.0570883935131328,-0.0625538041638733,0.00934848531626443
PI_612867,-0.0328833041065369,0.0498615647671824,-0.0333909199317194,0.0160581028265112
PI_185032,-0.0116531010287099,-0.0454409059585864,-0.0215394534127071,-0.00329777263827898
PI_185033,-0.00775527679509431,-0.00869651103150483,0.0229146830542101,-0.0251418023395468
PI_612862,-0.0275845825890145,0.0561327558677219,-0.0405579388463705,0.0153616563908883
PI_612863,-0.0293454109662169,0.0452415017284356,-0.0356885674310332,-0.00228992893013292
PI_612864,-0.0290292465604071,0.0463460173925056,-0.0353633243772032,0.00377651392774946
PI_612865,-0.0316083026332375,0.0522473317421525,-0.0453528063744424,0.00633317025875502
PI_612866,-0.0330767494107025,0.0578224992755842,-0.0420545898699153,0.0124117126194216
PI_176536,-0.0167412491985077,0.00922961621210646,-0.00682498297608886,-0.0157405151316901
PI_267662,-0.0102181676730914,0.0102493220161574,0.063649758412978,0.0187823641204327
PI_267661,-0.0102978320148447,0.0103064482154964,0.0601880954752911,0.0145082961057215
PI_176537,-0.0123515812571731,-0.0232006819998575,0.00088612693785634,-0.0152563543353728
PI_176534,-0.00762368707509843,-0.0497518722235509,-0.0394154039661026,0.0223248996966897
PI_267664,-0.010613089314906,0.0168235354087093,0.0653023899190334,0.028862222794966
PI_176535,-0.0144800755278232,-0.000588504525446622,0.026834661398322,-0.0483870641145211
PI_267663,-0.010804337970201,0.0175461307432324,0.0640202737062241,0.0111437642528871
PI_176532,-0.0130728416390225,-0.0187683543630548,0.0173648636743442,-0.0318367762050945
Ames_26833,0.0920640339202814,0.0128184416537142,-0.0247144684307061,0.00380055908103282
PI_176533,-0.0128826703763795,-0.0512302633865858,-0.0258733495862835,0.0238004491215421
PI_267660,0.0425921078321488,0.0131360511054045,0.0224343545853744,0.0104573352853114
PI_385970,-0.00782399363304515,0.00906627355549144,0.0916158332584936,0.112598127778111
PI_176538,-0.00859445233287359,-0.0376273744573499,-0.0140893118197428,0.00969479113742861
PI_176539,-0.00968631973903045,-0.00649335688190054,0.0256110200294577,-0.0452720869050211
PI_176547,-0.0132649222513246,-0.0160987976645159,0.0131216624358703,-0.0355086020897626
PI_176548,-0.0135100676582413,-0.0544151650754913,-0.0336208882763635,0.0127917080825082
PI_458730,-0.0106863664653356,0.0123032892440785,0.0500048318632902,0.0502455396933313
PI_176545,-0.0152845713517053,-0.0387639633374151,-0.0057696839494698,-0.00593756222395758
PI_176546,-0.013444456705456,-0.0534451092512341,-0.0216097653276705,0.0147835511435562
PI_176543,-0.0103534137966843,-0.059259241808441,-0.0353303799135689,0.0155923585711844
PI_176544,-0.0160425608955241,-0.0118798394390234,0.0231970052912853,-0.0501656615221735
PI_176541,-0.00824372071290135,-0.0332394687928751,-0.0103257884640151,0.00797937868624989
PI_385969,-0.00801064388348413,0.0134144073242112,0.0852632344988232,0.108692294598888
Ames_26609,0.091389713454221,0.0103721660466873,-0.0209083205593063,-0.00349199062112941
Ames_26607,0.0944363215657781,0.0152758411171221,-0.0232435915775798,0.00537664272329349
PI_176549,-0.0144394614874628,-0.0528432521708888,-0.0345740190767689,0.00971294821177086
Ames_26608,0.0950190985284312,0.0130462852411028,-0.0199493038966885,0.00120165921386743
PI_222786,-0.00817338763173992,-0.0477474890066156,-0.0272094895081697,0.0202984359145232
PI_166992,-0.0145215184292412,-0.0727919908920615,-0.0477984373418221,0.0367698564392268
Ames_26612,0.093426695314171,0.011741305459174,-0.0186975639547315,0.00193541308160849
Ames_26610,0.0908770570919348,0.0128920432554563,-0.0255683313392364,0.00115142890157389
Ames_26611,0.0969069169314576,0.0107334338725961,-0.0170052336477029,0.00130665863544985
Ames_26616,0.0900912499340212,0.00794666882545359,-0.0153886781286537,0.00293765594859136
Ames_26617,0.0801295244940516,0.017259244961879,-0.0117490572579711,-0.00526345706741409
PI_420329,-0.0112595745681626,-0.00727665176141324,0.0122893341284172,-0.0361947997698722
PI_420328,-0.0106294965596135,-0.00700068378630934,0.0139147505536667,-0.0374334665850004
Ames_26619,0.101743947073988,0.0143022863285422,-0.0220515708632494,0.000813889936221402
PI_182198,0.0080838971579814,-0.0282971166002821,-0.0190926059564748,0.00156350480167978
PI_182199,-0.00949458849011804,-0.0464666872366474,-0.0266945400593927,0.00457315169879883
Ames_26620,0.100129495064677,0.0150083987647698,-0.0241041470954234,0.00144606200094867
Ames_26624,0.0903457878101873,0.012903708432746,-0.0157286311864416,0.00316522301865082
Ames_26622,0.0954808062334808,0.0130146143884429,-0.0209044295220199,0.00400369105617223
PI_164997,-0.0127395433277019,-0.00551546263598631,0.01808241200916,-0.0491465443342115
PI_420332,-0.00932113052796771,-0.0143165285486883,0.0108987661544656,-0.0517936347020206
PI_420331,-0.0114849355337715,-0.0072736040592886,0.0126815517008923,-0.0377138650821298
PI_420330,-0.0122617715366914,-0.00409447218308438,0.0177249951633984,-0.056427373597478
PI_615096,0.00553680950729743,0.0168753905220732,0.0252323843891126,-0.0241574121399011
PI_230181,0.0858813751100905,0.00945917099010098,-0.0170934766664026,0.00590344162985036
PI_615095,0.0109610583020024,0.0204957643702152,0.0341184714207719,-0.0285407585371953
PI_615098,0.0578162397763316,0.0109388203827442,0.000401814753993411,-0.0194128049393572
PI_615097,0.00246387834223712,0.0194133417084846,0.0373703810275699,-0.0186601043092952
PI_615099,0.00331890294915275,0.0245235062589392,0.0315212531696157,-0.0161501149141718
PI_197671,0.014424880971326,0.0181473096229648,-0.0225895380657745,-0.00465444874894127
Ames_26872,0.0947778743744085,0.0113675345587953,-0.0185592473151471,-0.002492324318624
Ames_26873,0.0916868378414663,0.0111813281198937,-0.0236554704761513,0.00318614967633629
Ames_26871,0.0966062913608356,0.0127836664625145,-0.0190224548317156,0.0026110851593015
Ames_26876,0.0989812290204849,0.010652930651794,-0.0209476912922183,0.00591516137833413
PI_615092,0.0855485536904536,0.0125606248024156,-0.0151084241377649,0.00648473979378235
Ames_26877,0.0971906904517563,0.0102729835254521,-0.019215221358819,0.00175256081525121
PI_615091,0.00127199320637892,0.0208102335151066,0.0323928967782788,-0.00831758504939211
PI_615094,-0.00810175421727244,-0.0190355153852327,0.0104581370128292,0.0100355807045485
PI_615093,0.0831579438428227,0.0161574709378635,-0.0115439151167587,0.00552196657426062
Ames_26875,0.0945072601720541,0.0131594000030982,-0.0235951984215498,0.000981473042300333
PI_141660,-0.0125297501206219,-0.00963601829412232,0.00294810748868918,-0.0483346194858734
Ames_26878,0.0974402264726409,0.0107816782131179,-0.0225562064719627,0.00146100089568537
Ames_26879,0.0839330564462522,0.0159699950626584,-0.01752057721107,0.000481675180156774
PI_141666,-0.0159741903845549,-0.0607183585893289,-0.0369069315130722,0.0085747484139056
PI_615087,0.0795750046264839,0.0142508183534561,-0.0117564598216843,0.0076028745622511
PI_615086,0.0496898768886889,-0.00402381381418146,-0.00123543019975908,-0.00947921985627448
PI_615089,-0.0139060084459834,-0.0706385284582453,-0.0425170221070027,0.0344630274551601
PI_615088,0.00442081731247349,0.0226531991864261,0.0250507593323704,-0.0184780065199452
Ames_26883,0.095543808685853,0.0128877852497442,-0.022577535081062,-0.00245071726677266
Ames_26882,0.0979053478559358,0.0128841087833219,-0.0223592199540806,0.00549691853905845
Ames_26887,0.103486941208859,0.0118885218888808,-0.0217659805787819,0.00162675862837911
Ames_26888,0.101066434033384,0.0131968482825365,-0.0224941468577724,0.000710868739630813
Ames_26885,0.0965032430176763,0.0111315591407487,-0.0210275449935026,-0.00197607227061165
Ames_26889,0.0973386224641293,0.0142273941921087,-0.0235258436479591,0.00703197919936963
PI_222100,-0.0151071282995921,-0.00280390097728623,0.0283054179447086,-0.107137831662882
PI_512751,-0.0204681515875275,0.0499713607341663,-0.0354531474470126,-0.0110848455161455
PI_512750,-0.0209651406086024,0.0470009473560318,-0.0201211854316603,-0.00337907070915192
PI_512755,-0.0225117545015377,0.0538501614304906,-0.0261310956938011,-0.0109570564733684
Ames_26890,0.101989835735855,0.016289714863172,-0.0250909593950628,0.00395584775699475
Ames_26891,0.0980883872658947,0.0108272557541849,-0.0218446087761233,-0.00087929244975322
PI_512754,-0.0193869178807975,0.0477848670892291,-0.0192159013590937,-0.00742251610259966
PI_512753,-0.021213264294451,0.047906117193282,-0.025194123288349,-0.00733707437121071
PI_512752,-0.019886627106822,0.0439009943080472,-0.0249112759051346,-0.011278306936248
Ames_26894,0.100570689566314,0.0126361594895532,-0.0194623231954187,0.00197493485781193
Ames_26892,0.100536931054481,0.00981480528533867,-0.0224145272292176,0.00103949332337761
PI_512757,-0.00829146424675658,0.0177212463432604,0.0809802502495208,0.137044008718257
Ames_26893,0.0988786063850031,0.0118568946898188,-0.0206078126779788,-0.00202740729637465
PI_212214,-0.013470400107269,-0.0133814666971555,0.0434667207001383,0.01155598672599
PI_532356,0.0662429094333978,0.00262897404782917,0.0506588134903077,-0.016343574942907
PI_532355,0.0673734411553236,0.00630071938320018,0.0448619537982156,-0.0198379748076957
PI_165018,-0.0177223136193681,-0.0437310900230534,-0.0162390236854882,0.00760646827134484
PI_532354,0.0584282879834784,0.00744465897808771,0.0420619402164773,-0.0115336308503192
PI_318830,-0.0348311432149328,0.0577385224233357,-0.0486769647491707,0.00786336531157849
PI_232072,0.011539660895184,0.0148054860195308,0.0298246509112789,-0.040620032249429
PI_234252,-0.0098060765617399,0.0217955502759357,0.041573813324887,0.0169757933466823
PI_181758,-0.00367409319578714,-0.028520538914555,-0.00978789108152217,-0.00355791886400857
PI_261610,-0.0129823116800731,0.0315397343470437,-0.000557438468274619,0.00669144296221144
PI_181759,0.0294910039041232,-0.00141273349371032,0.00327182709881821,-0.0114973609346555
PI_181757,0.0326133425390901,0.000535800731495447,0.0047133013581893,-0.011137442529589
PI_222246,-0.0133257123727996,-0.0559607220879477,-0.0344988176242479,0.0184266458293605
PI_222247,0.0653592915648216,0.0150220479064472,-0.00638479086631449,-0.00162398067658002
PI_165004,-0.0131257545387518,-0.0227432892613442,-0.00374394983856592,-0.0163590431619428
PI_174195,-0.00439107924094749,-0.0564557515075764,-0.0306788262180967,0.0145484073221
PI_174190,0.0266953539621983,-0.0283835494126962,-0.0142977471148084,0.0107007361622227
PI_285611,-0.0144265938143687,0.0103530253582994,0.0564101330468996,-0.0173793938873953
PI_174192,-0.00865837596202234,-0.0269193135217487,-0.00257035203046759,-0.00601219030819968
PI_199015,-0.0168873358740218,-0.00687631380064659,0.0345682253495306,-0.0380917516249278
PI_512739,-0.0183883797869105,0.0374202683469235,-0.00088195452996272,0.0156336488910883
PI_512744,0.0873705797188633,0.0137562941429575,-0.0185176304141624,0.00385698091868025
PI_512741,-0.0194174947327535,0.0420081041223857,-0.00553727180282331,0.0121728088157761
NSL_180768,0.0856188906174145,0.0132987064885176,-0.0156152086706233,-0.00131714396313791
PI_512749,-0.0195528337228309,0.0445893776288905,-0.0216804836824165,-0.00302395446533398
PI_165023,-0.0160939752309771,-0.0276900128446936,-0.00501743607455043,-0.0170916174341394
PI_223352,-0.0129037878891955,-0.0451795329535304,-0.0147547969846738,0.0138545701211048
PI_318826,-0.0280921625537032,0.0512106032917675,-0.0162304163113833,0.0591030108334722
PI_223354,-0.0120643296126827,-0.0338784946864715,-0.0188486965675841,-0.00293716919224608
PI_212012,-0.0120207530471778,-0.0495608040249755,-0.024266460453548,0.0126633902794362
PI_212013,-0.0136405461343553,-0.0549220778130224,-0.038295463051122,0.00914964416261501
PI_512794,-0.0149350459820155,0.0088694792369261,0.0297891569371153,0.00184396811920751
PI_512793,-0.00865459606042479,0.021207863449092,0.0977635369932394,0.121429794073931
PI_212014,-0.0103450041272579,-0.0365111681861265,-0.00535478434830657,-0.00889789253989558
PI_512799,-0.0215280674880486,0.0511026764369343,-0.0273085496465433,-0.00966019968999838
PI_212010,-0.0156151623657175,0.00120392670554365,0.0176451325482851,-0.0425970200707469
PI_181944,-0.00450696341144496,-0.0373267611440653,-0.0140277170874256,-0.000114278432472688
PI_512796,-0.00736575771629474,0.0388031114627339,-0.00171437715989899,-0.0179260453435579
PI_174179,-0.0181777169921998,-0.000821005051705649,0.0173332931027391,-0.0272026270024491
PI_174178,0.0944863801710553,0.0109822859295652,-0.023569559374759,0.008057578334537
PI_256063,-0.00789703426094771,-0.0374221524438557,-0.0196739411785343,-0.0045585317289954
PI_256064,-0.0106829913075676,-0.0430278802905084,-0.0172260109365808,-0.00690316696371744
PI_212001,-0.0109018957396661,-0.0348036066126212,-0.0122569611902251,0.00726594817320287
PI_174184,-0.0093723857122378,-0.0524175705870315,-0.0248830838336732,0.0121770047585167
PI_534572,-0.00278708355349376,-0.0145447442438784,0.00777867946585245,0.00828273439655794
PI_212002,-0.0101441966162574,-0.00591624727382874,0.0138062388101379,-0.0276716902675944
PI_174183,-0.0153218804941823,-0.063844378736498,-0.032075431774726,0.0350757499177683
PI_174186,-0.0079297419922118,-0.0641555370550689,-0.0366197453977067,0.0258584274062692
PI_212003,-0.0111121144304952,-0.00640308730359775,0.0199290101394895,-0.0518426814821014
PI_174185,0.00380578745672468,-0.0496700950590598,-0.0305792664659237,0.0084229497245983
PI_212004,-0.00640584093461179,0.00183127202119614,0.0163498363177169,-0.0401240411135869
PI_174180,-0.00708465564723255,-0.0482190242664612,-0.0292925421734649,0.0156813495705331
PI_174182,-0.00793993318094691,-0.0496597292237142,-0.0158676302274576,0.00209058351199264
PI_212000,-0.0209691434211363,0.0064480695435187,0.0168689628770897,-0.0446726085047041
PI_212005,-0.0136319685490717,-0.0564406439168666,-0.036430302588502,0.0289302359645305
PI_174188,0.0287107569121014,-0.017596206741907,-0.0111375146487856,0.00242955655462305
PI_212006,-0.0101465303172937,-0.0528241328105702,-0.0306131339267045,0.0162629440114668
PI_174187,0.0253391411213575,-0.025163793175154,-0.0173266587215574,0.00320795794968082
PI_212007,-0.0119688069640775,-0.035282013357787,-0.0110539201707881,-0.00887214907210341
PI_174189,-0.00761726777513123,-0.0554201595810475,-0.0353381555480163,0.0185628436085222
PI_212008,-0.00929277358518789,-0.0489499639449223,-0.0194614652372092,0.00394513179148752
PI_512773,-0.0153382075092975,0.0325074235662605,0.00877846939892809,0.0234274677246332
PI_534561,0.0261590978202643,-0.00364779579849025,0.00211989286258918,-0.0135686145070454
PI_534562,-0.00919665209438606,-0.0109393518165302,0.00944451699115828,-0.000186726281717862
PI_534563,-0.00823730326151489,0.00177410679642991,0.052797716108304,0.0986985437361867
PI_534564,0.0107106773935499,-0.00641385655104166,0.0265102605359439,0.0261250384328347
PI_534565,0.017867362327261,-0.00244180945856148,0.0173589654900358,0.0195347787336732
PI_534566,-0.00647149248419,-0.0069390326199587,0.0100026689492682,0.00786720168590862
PI_512776,-0.0172488647034563,0.0342703804589024,-0.00487377448630413,0.00726695461542585
PI_534567,-0.00781815313478904,0.00531345464607216,0.0449781535088568,0.0459265218995505
PI_534568,0.0117604652439031,-0.00520261639774684,0.00929264294075838,0.000311028815132433
PI_534569,-0.00807964259805149,0.00111794352847336,0.050700121042407,0.0949254589036481
PI_512779,-0.00966850383309857,0.0270412998804833,0.0628083189749205,0.098131372800057
PI_291254,-0.0120613493076217,-0.0314690065507178,0.00627545254961211,-0.0170965564210038
PI_293433,-0.0086779615440198,-0.0159020039910673,0.0122348605842038,0.00141974206832487
PI_512780,-0.0107857636478874,0.0184987426570984,0.0744369569568299,0.142853671120742
PI_534571,-0.0101892887339191,-0.0146030684566421,0.0334210382128083,0.0652638923477374
PI_512782,-0.00828588541317111,0.0207442360701762,0.0805755821756917,0.0947047524392998
PI_512788,-0.0122144177845893,0.0337471113542787,-0.00435329863741553,-0.0141027897390911
PI_512787,-0.0107834297006423,0.0400927388586184,-0.00916486167318013,-0.0136504119604235
PI_512785,-0.00864437215140901,0.0191754526659268,0.0977339074522173,0.109873263368337
PI_534557,-0.00745043037858264,-0.0168020074144507,0.00667648523300225,0.0157867696383886
PI_534558,-0.0068031278643077,-0.00661672343809631,0.0116787926945982,0.0164251811455532
PI_534559,-0.00723952415157768,-0.00557457424028104,0.0388912426725764,0.068061818677763
PI_512789,0.00114996007264776,0.0251901271064836,0.0292030251482464,-0.017584600333157
PI_532389,0.0350519156841534,0.0101146105176544,0.0745168010069109,-0.0165722840316674
PI_532385,-0.02785553115896,0.0489527055995208,-0.0324626019833129,0.0203901212456968
PI_534560,-0.00868662425826353,-0.0115058713454316,0.0118726918301445,0.003857334384489
PI_179268,-0.010358050512794,-0.0563980669219197,-0.0406491617785166,0.0311098539504808
PI_179267,-0.0127515572769129,-0.0521923842465317,-0.023100231959095,0.00893427995612411
PI_615111,0.0820346696171396,0.0117611921054802,-0.0120739685732066,0.00583422536076066
PI_357928,-0.011078188691738,0.00702907268717877,0.0298114782418407,-0.0527828548991351
PI_357929,-0.0174878877214317,0.00274764798629398,0.0254298408317511,-0.0473880253062453
PI_615110,0.00961070266880052,0.0194273804039642,0.0302297088612372,-0.0138957908485732
PI_615113,0.0027380168256334,0.0197386976877576,0.0228989599363313,-0.0150553609127769
PI_615112,-0.0102605529774814,-0.0107124941293441,0.0104083866076044,0.0156729906082762
PI_302418,0.0245606696264486,0.015575180973642,0.0268456911962483,-0.00703933051203737
PI_172871,-0.0136738426214411,-0.0636838113122734,-0.028418226242723,0.0210914629490875
PI_172872,0.0356634954282483,-0.015111290983411,-0.00416120320606413,-0.011276803687217
PI_172873,0.00195203969842296,-0.0201233276447736,1.56006152287694e-05,-0.0279941031360258
PI_172874,-0.00554740489565673,-0.0270575282945589,-0.00156702474803692,0.00381286612138292
PI_438575,-0.0315423079652582,0.0704875600325133,-0.0606409532790129,0.0115755435481908
PI_179269,-0.0121745911274279,-0.0401939670501739,-0.0172603119038787,0.00908866388634596
PI_172870,-0.0103517263333472,-0.0592025480519543,-0.0366565996050531,0.0358453784561487
PI_169458,-0.0109876005182877,-0.0285433166005474,0.000141638948253871,-0.00185020127271317
PI_169457,-0.0102144789912928,-0.0451183932914759,-0.0195259849523552,-0.00178373444256683
PI_601193,0.0706216283729487,0.013316237676339,-0.00926016009271643,0.00670390096411025
PI_169459,-0.00630387756292439,-0.0299136924693096,-0.00703365219475529,-0.00610466288701088
PI_172875,-0.0130816713482488,-0.0244701441955321,-0.00277971583957284,-0.0218115314190764
PI_418966,-0.00874415863020386,0.0122153885363814,0.0682093772078257,0.126124792244754
PI_506468,-0.00495935393559254,0.00912954927090488,0.0655321342008572,0.0848551579744541
PI_506467,-0.00671728739613649,0.0202683148834593,0.0617414004029988,0.0313574247278872
PI_357924,-0.0116232971662319,-0.0394159113914902,-0.0149404784332064,0.00347116872248255
PI_179271,-0.0144670457764617,-0.048494223215488,-0.0172633432436694,0.00566139086042942
PI_169450,-0.0111418150457365,-0.0425490243625204,-0.0158742434762616,0.00354392007001968
PI_615104,-0.00927485237906229,0.0131007104506283,0.0584956014686256,-0.0177718403384734
PI_179270,-0.00877040545715015,-0.0168741197780306,0.0136036027387339,-0.0442402217440759
PI_615103,-0.0101053915438594,0.0184059519121099,0.0907210034246415,0.0922231501489558
PI_357925,-0.0109311921293503,-0.0595182864538848,-0.0373635530043819,0.0274997624256963
PI_212060,-0.0114708166994945,-0.0160246399158851,0.0388633070287877,0.00507791652734135
PI_169452,-0.00990139649139775,-0.00321200553398302,0.0274773100427475,-0.0537017254851976
PI_615106,0.00264762950884805,0.0170835308311128,0.0197420905838089,-0.00800435261942011
PI_357926,-0.0129841863377519,-0.0105997195557154,0.0305861448004992,-0.0354452829531228
PI_615105,-0.0165932594347298,0.02447086099599,0.0538979086035575,0.099654162567128
PI_357927,-0.00823114163724881,-0.00308092965556922,0.0247778884248245,-0.037457635691193
PI_169451,-0.0142559920104232,-0.0203849588594749,0.0152945843514639,-0.0461343463303133
PI_169454,-0.0115612737348889,-0.0576010248328408,-0.0307523419764182,0.0126179800339238
PI_615108,-0.00984593599362445,0.0127215483256661,0.0320224061011488,0.0203124269148291
PI_169453,-0.0103926583817421,-0.0521048753784436,-0.0226005219081929,0.0133552082522683
PI_615107,-0.0334232002188854,0.0608677359005395,-0.0551187536398712,0.016076823406233
PI_357921,-0.0172017028541975,-0.0494278046937197,-0.0255566132845646,0.0166917184990292
PI_357922,-0.012355795641524,-0.0578526617597341,-0.0336799030022673,0.0197567630154842
PI_169456,-0.00897530247384597,-0.0135183375260196,0.0215647108165263,-0.0309473457795514
PI_357923,0.0418587208168817,0.00509501427993626,0.000778842050789894,-0.0172397835365009
PI_615109,-0.0100127396635545,0.0190991324885826,0.033700270464468,-0.00890535161928347
PI_167036,-0.00536733549917713,-0.0324706255727245,-0.00632145051893029,-0.00272268956038863
PI_182203,0.00557882512348545,-0.0299023182167345,-0.0108814225121246,0.00921214857845575
PI_357939,-0.0144062217234591,-0.00123024826095064,0.0286061846356785,-0.0411687843474445
PI_615100,-0.00598601019682028,-0.00978455620299061,0.0158391365058398,0.0149478878128876
PI_179274,-0.0104430309377806,-0.061432360844476,-0.0400354774997824,0.0167340629895346
PI_179273,-0.0177087632671447,4.40070005280711e-05,0.0200741500192506,-0.0260851824375488
PI_615102,0.00448142602271923,0.0166297723586747,0.0259799766546413,-0.00800640043561055
PI_615101,0.0146513844560046,0.0105971961822592,0.0265664629396278,-0.0163873963266751
PI_172406,-0.0107176408773705,-0.0508697094023368,-0.0236407262459956,0.0118522400957066
PI_169447,-0.0149361079149478,-0.0689340833471099,-0.0445001984385268,0.0338146851157035
PI_169446,-0.0146762573957068,-0.0420692543904635,-0.0146010766944476,0.0122176570352305
PI_169449,-0.00831772133128736,-0.00354221318494311,0.0188778362584595,-0.0385330042558421
PI_169448,-0.0112907770035976,-0.0690194372250314,-0.0448841440982087,0.028583714759979
PI_357930,-0.0225905571709029,0.00254650255198862,0.039354930846386,-0.0406368227328348
NSL_98131,0.0930026695785766,0.0125317377602947,-0.0152094452765364,0.00609010751719025
PI_357935,-0.0169497175362679,0.00258514859712315,0.0338571703627374,-0.046268893972919
PI_357936,-0.0202986435027033,0.00110428697121154,0.045240094143712,-0.0566973338005507
PI_357937,-0.0183919572813703,0.00734131401787412,0.0358918970062739,-0.0447963443771968
PI_357938,-0.0195335899837545,0.00283261410601411,0.0274010127705506,-0.0490579414180677
PI_357931,0.0869143689670991,0.0126525441246336,-0.0140675959048011,-0.00508069154240428
PI_182201,-0.010621447038562,-0.0396875077184497,-0.00425339437497241,-0.00524715701215581
PI_169443,-0.0104727327841474,-0.0590191460448723,-0.0420820025864829,0.0249827152235675
PI_357932,-0.0123976560650693,-0.0516989819694674,-0.0262165449562074,0.0096496521962353
PI_169442,-0.0120020891199817,-0.0525825519790594,-0.0139770418542133,0.00381564289643398
PI_182202,-0.011485746254031,-0.0617046475490438,-0.0283270876061548,0.0285293116242957
PI_357933,-0.0181753535684861,0.00337886272417214,0.0322241639616119,-0.0469929449443708
PI_169445,-0.00995160486197183,-0.0582396252474314,-0.0339874938408914,0.0266241633771588
PI_182200,-0.0140610816263704,-0.00849404407898047,0.00802038372057788,-0.0524543665272133
PI_364240,-0.0164228956846838,-0.0017897970711878,0.0444105240648372,-0.0461014304294789
PI_285213,0.100843771354528,0.0111080158770992,-0.02171441210577,0.00555180945312676
PI_364241,-0.0157882035005457,0.0100865758266871,0.058588907421558,-0.017091187931472
PI_368600,-0.00939258091124481,-0.00689330720676104,0.0365777362174019,-0.0468824929454734
PI_368604,-0.0160881473157023,-0.0180603766172521,0.00555942247282292,-0.0328196800229777
PI_368601,-0.0127624069371604,0.00280537669172984,0.0362774304416473,-0.0443263436446888
PI_368602,-0.0183868072155277,0.012784025337713,0.035350058394168,-0.035724825178393
PI_368607,-0.0110653465497816,-0.00253305525960553,0.0255513561771114,-0.0403865334282616
PI_368608,-0.0206587738112815,0.00411673089698684,0.0356630739771272,-0.0511708295824459
PI_368605,-0.014333553169191,-0.00844907012952657,0.0218088959785748,-0.024908653240687
PI_368606,-0.0117208251983774,-0.00480727388999138,0.0308056172991794,-0.0426698560571916
PI_172857,-0.00966183227906839,-0.0441192610149687,-0.025907224805568,0.0112361786966873
PI_172858,-0.0157202296618993,-0.000554120518786819,0.0203416051643037,-0.0390904992353503
PI_368609,-0.016918258290824,0.0029962879689423,0.0413490484954834,-0.0520730528519601
PI_357940,-0.0187932991973635,-0.000206508153140111,0.0238408173205203,-0.0390828536311201
PI_357941,-0.0145756763425349,-0.0372941003104049,-0.015744940157241,0.00447993231908003
PI_169472,-0.0126228007785848,-0.0670389338671227,-0.0384799380814685,0.0213986152936414
PI_357947,-0.0114198255604877,-0.00134275707187151,0.0340078926527433,-0.0558617728631404
PI_518687,0.0883860160714814,0.011606354118866,-0.0156603220084669,0.00982921312109721
PI_167053,-0.00881358517321609,-0.0571139840037858,-0.0342747336542068,0.031477504900621
PI_169474,-0.0143824049045974,-0.0665592163230788,-0.0442997461867963,0.0164872092902035
PI_357948,-0.0150657830337514,-0.0049096967392979,0.0324100873288673,-0.045095386135062
PI_357949,-0.0143520329213067,-0.0247435365722239,-0.0023017398915645,-0.0086991335363439
PI_169473,-0.0150834116348081,-0.0169095060304042,0.0225925111624164,-0.0485431391849565
PI_357942,-0.0146842112560281,0.00525167274252421,0.0267168755372852,-0.0587096841616496
PI_169476,-0.00860489272151025,-0.0650365815798719,-0.0448790596959101,0.0308318521294279
PI_169475,-0.0124502189212712,-0.0676853726892854,-0.0354760124795018,0.027179556195767
PI_357943,-0.0127522051459371,-0.0359760275932837,-0.00103809302661604,-0.0071159610926274
PI_169478,-0.010462144967449,-0.0364966531214692,-0.00953058867756857,-0.000423766577087713
PI_311103,-0.0298672164994034,0.0675094785977774,-0.0572594716752303,0.00294061064882441
PI_357944,-0.0121218199317616,-0.0022260456590857,0.0338926717109111,-0.0348667057930718
PI_169477,-0.0100839410900801,-0.0567622391135297,-0.0374647441897872,0.0171763624075352
PI_311102,-0.0273891201944184,0.0668864475096559,-0.0598713882365478,0.00356787705954198
PI_518688,0.0400418180650565,0.00662912639232635,0.00371671696959818,-0.0456430328516041
PI_518689,0.0394523846775152,0.0103078883800214,0.0739478327512861,-0.0201491545823979
PI_172860,-0.00743283240353101,-0.037004049014538,-0.0105841284325528,0.00261439772219587
PI_137896,-0.0103232014336983,-0.0325304107990442,-0.00408475164372081,-0.00400629027833074
PI_172861,-0.0112014390079266,-0.0481438870996227,-0.0220631097127976,0.00539547676171935
PI_172863,-0.0146086149791926,-0.0141067956350994,0.00150074894179993,-0.0125092980986597
PI_169469,-0.00899589190914723,-0.0596947489246955,-0.0357497548734709,0.0196739480744607
PI_172868,-0.0147734746054891,-0.068681417770497,-0.040562789379192,0.0286016792298609
PI_169468,-0.0142153726914715,-0.00863990348582029,0.0191161004243018,-0.0579044443911347
PI_357950,-0.013458869825638,-0.0414845394781835,-0.0151262000330098,-0.0012607684152408
PI_204698,-0.00761516041973118,-0.0350542479509697,-0.00188352732909417,-0.00885834440056303
PI_357952,-0.0168769941666888,-0.0230487566127414,0.00699690576410789,-0.00293447298520065
PI_204697,-0.0120505637152752,-0.0463597091215639,-0.0197561058610292,-0.00135935728670614
PI_204696,-0.00984834960357209,-0.0468256548478333,-0.0258068487602695,0.016959442030674
PI_204695,-0.0110767876415089,-0.0444128556788368,-0.0282235874060831,0.0140903781909199
PI_204694,-0.0112469119778493,-0.0548659252024778,-0.0248199145748639,0.0176067430708168
PI_172866,-0.0126213522991961,-0.0681895205756807,-0.0467333163780349,0.0360873937270828
PI_204693,-0.0112409905193371,-0.0621629846535968,-0.0352641642687385,0.0278794002750064
PI_172867,-0.0132492265305454,-0.00775678051499119,0.0188901266974871,-0.0397090022094407
PI_169461,-0.0087833693145946,-0.0236034973879868,-0.00112680637933694,-0.000756130375705951
PI_357957,-0.0193694326332548,0.00759494010823757,0.030005682421844,-0.0478763841929678
PI_169460,-0.0102118266573252,-0.0643750897622576,-0.0368096875110901,0.0318774198420409
PI_169463,-0.0121468508013691,-0.00749243492207867,0.0178355061967952,-0.0410740593168498
PI_167042,-0.00700138433463926,-0.0411643990358597,-0.00662746557095344,0.0252037248323478
PI_169462,-0.0098842597458396,-0.0330002668408912,-0.00896794851058511,-0.00398428111117892
PI_357953,-0.0162716352107903,-0.0017651559648253,0.0275070566980636,-0.0252984277139482
PI_169465,-0.0113747719199764,-0.052145336577833,-0.0175586577852791,0.00454439069286996
PI_169464,-0.0151021573338877,-0.0158209585170126,0.0244761116214096,-0.05114151258107
PI_357954,-0.0139732256539919,0.00424639106677738,0.0351470781555705,-0.0519361381895367
PI_169467,-0.0123286629864576,0.000672788851452623,0.0222009732970534,-0.048603255694449
PI_357955,-0.0159123851769135,-0.0146934473564068,0.0242870306579013,0.0228380346707354
PI_357956,-0.0193184569295385,0.001662476963777,0.0382555248741129,-0.0505918617838819
PI_512710,-0.0120311568176976,0.01934444912478,0.0492226994081526,0.0393300521376871
PI_601144,0.00521610198862859,0.0155184734063834,0.0369871317819139,-0.0106771685910587
PI_169414,-0.0113468896302911,-0.0106559317317703,0.0164588750628804,-0.056427521855311
PI_357960,-0.0152589598671899,-0.0430644375424882,-0.0137304186102094,0.00316632338643107
PI_357961,-0.0164757124349302,-0.063024110981368,-0.032837183570401,0.0258173751330428
PI_169416,-0.0121609728190589,-0.0499460419981777,-0.0289136464862453,0.0250757511681272
PI_357962,-0.0146249752366296,-0.054922303788226,-0.0331583382661669,0.0212560039071251
PI_357963,-0.0175072310209145,-0.000247356282662151,0.0382694875351154,-0.0474014130216099
PI_169418,-0.0120652480513809,-0.0223256206205325,0.00379221477822561,0.00574692505367693
PI_169417,-0.0145128985730627,-0.0338637787510165,-0.00945059718909266,0.0072686294611257
PI_274336,-0.0292269594530216,0.0364473935471649,-0.0531350961696497,0.0131678003512443
PI_357968,-0.013836507862365,-0.0508966380755357,-0.0266875379195977,0.011333067459072
PI_357969,-0.0126153371837574,-0.0528650956441456,-0.0270100196015959,0.0174319194276144
PI_614699,0.09591875782633,0.0128851665543288,-0.0221217366173669,-0.00105170269069154
PI_614698,0.0975527380420368,0.00900192219097699,-0.0200043327968209,0.00381223273747341
PI_357964,-0.0188427769011147,-0.0096763571149361,0.0242717955230155,-0.0396265366351023
PI_357965,-0.0135980637476578,-0.00938489977032497,0.019614070911348,-0.0355289502440298
PI_357966,-0.0143643696151166,-0.0189244826039577,0.00913277162192003,-0.0187352168187842
PI_357967,-0.0167525298820384,-0.0210245114345501,0.00519943218015918,-0.0267498760515243
PI_614691,0.100129143856997,0.0113321536653389,-0.0231569686357453,-0.000627325885967246
PI_614690,0.099814565493276,0.0100531763109746,-0.0208214759672728,-0.00152488723903956
PI_368610,-0.0166980232768987,1.63204404387794e-05,0.0331280544387848,-0.0390254004563416
PI_368611,-0.016471954178878,-0.00168421352568779,0.0360560739975423,-0.0497928396606081
PI_614692,0.10003058434688,0.0127477303796104,-0.0201008079711489,-0.00292626222738659
PI_614695,0.0992003461108216,0.0109202656121471,-0.0221973122722289,0.00227092908374218
PI_614694,0.0991360893794124,0.0134781580269642,-0.0244836452194263,0.00529623814622378
PI_368614,-0.0140813576983314,0.00220972460926804,0.027977173483458,-0.0453845457662258
PI_368615,-0.017989838823033,0.00245068966098947,0.03274724598138,-0.054827316948138
PI_158990,0.00127917365674933,0.00619435452145628,0.0222092185665278,-0.0120331341729413
PI_368612,-0.0126828954452288,0.00244164677183862,0.0163021278107462,-0.0351815340003931
PI_512729,0.00166664894440532,0.0293969644377069,0.0259249838447801,-0.00547297883599106
PI_368616,-0.014427971230272,0.00836227684011668,0.0268622026250482,-0.0371124530944175
PI_368617,0.0905335726065566,0.0129790332347285,-0.0196178843739242,0.00428550166569101
PI_357971,-0.0187342332757401,0.00151238024875062,0.0292354585090498,-0.0408628888674455
PI_357972,-0.0134873634242158,-0.0140590703130013,0.0261951447371334,-0.0269679094381667
PI_357973,0.048526418730684,0.00266074648721139,-0.00131084234577513,-0.0115818193569134
PI_357974,0.0898149645491108,0.0110508142880803,-0.0176369341059509,-0.00213005004871658
PI_357970,-0.018685045890489,-0.00497038377104775,0.0318711995782624,-0.0403931276685399
PI_614686,0.0951670084008669,0.00975154354292063,-0.0189008579519981,0.0058304079377943
PI_614685,0.100619676214151,0.0109566216862008,-0.0221347142487491,0.00217835937146247
PI_614688,0.101475173092951,0.0120852617441294,-0.0208465716481734,0.003706595183818
PI_614687,0.0990520328814234,0.012235757129408,-0.0213468983476084,0.00177341470522803
PI_614689,0.0996920853530711,0.0106820920449719,-0.0213371377187236,0.00159399204883476
PI_165047,-0.0149027871694641,-0.039653552797573,-0.0160159236305047,0.0017568707433323
PI_181763,0.000413043341878942,-0.0349528632964959,-0.0171265841474958,0.0142206560550477
PI_181764,0.00366412999278851,-0.0382513159947966,-0.0161394111430741,0.0069072650999571
PI_614684,0.0964658342119217,0.010604648020213,-0.0188657595790345,-0.000136901090981962
PI_614683,0.0518797546924636,0.00498938901103687,0.0656921293801049,-0.0132244610283497
PI_165081,-0.00755522819883648,-0.0210068502616945,-0.00856910359332985,-0.0292254959720011
PI_169436,-0.0107443122106199,-0.0513506434872108,-0.0252037880924545,0.0112186433775443
PI_169435,-0.00828526449692935,-0.0343948341936726,-0.00520858177933011,-0.000546577209242787
PI_169438,-0.0174280220161783,-0.0160946740974391,0.0072274768328418,-0.0434630701747651
PI_169437,-0.0146507324761161,-0.0158658815454421,0.0092955270524969,-0.0473518890819018
PI_165071,-0.0126619303167315,-0.0476608226552565,-0.0196458262896562,0.00927355198788999
PI_508469,-0.00512495467050458,0.0189076785211346,0.0967881573476178,0.118534227071655
PI_169430,-0.0190411056094201,-0.0154776874221733,0.0175283279772408,-0.0549785359921375
PI_181761,-0.00823584713780931,-0.0202273629661048,0.00511152480302281,-0.0247979785786878
PI_169432,-0.00965506107946054,-0.0497201890608341,-0.0228693152167292,0.0111920107504714
PI_169431,-0.00708078248994048,-0.0389865480096658,-0.013805448845087,0.0193137328451968
PI_169434,-0.0194444744782196,-0.0262713141336571,0.0054902060746311,-0.0447103715512044
PI_206426,-0.0123972217687229,-0.0406085855089144,-0.019718893805034,0.0202011747385831
PI_181760,-0.00620665924107191,-0.0207641424544026,0.00766099807235447,0.00305015769387062
PI_508468,-0.00757890377490099,0.0174400477791477,0.099303562920514,0.115111552609143
PI_512703,-0.00973542605869696,0.0284127303065685,0.0513140225806074,0.0684199278993148
PI_508467,-0.0052892903223505,0.0208441287858769,0.0907565556242338,0.0987276097381436
PI_512701,-0.016892536900557,0.032441141572741,0.0249529171669577,0.0362765082751701
PI_93458,-0.0124353528774304,-0.0392935277322206,-0.0204580233043828,-0.00336151403039189
PI_508465,0.0147119842634,0.0135081195244518,0.0779641951379645,0.04697734772529
PI_193501,-0.0131117120196716,-0.00390795960477788,0.0136522600400573,-0.0464886713590774
PI_169425,-0.0115670863162419,-0.0243452409734337,-0.00199995946890327,-0.0191761461327346
PI_169424,-0.011171934794101,-0.0279496196562276,0.00393629284453142,-0.0189843966215749
PI_169427,-0.0131917737408757,-0.0532509381286198,-0.0328223819208258,0.0236870178051158
PI_512709,-0.0186869396833903,0.0382175307047297,-0.00254156324726675,0.00760657296889753
PI_193502,0.00235791580548835,0.0179088840159886,0.0393337687374167,-0.0138457917127746
PI_169426,-0.0123896529623556,-0.0370103988996384,-0.0170883339554669,-0.00140868876344204
PI_169429,-0.014312413666565,-0.0478403712588634,-0.0182477473379218,-0.00238609590653474
PI_169428,0.0312038989796306,-0.0276755473793374,-0.0280025087448846,0.0140040192009138
PI_229531,-0.014911309263246,-0.0337279732705471,-0.00890647442863539,-0.00039225398102734
PI_274787,0.073479849828475,0.0161765654657066,-0.00544472359656858,0.000605547137675629
PI_169421,-0.0110645148165166,-0.0270542673690122,-0.00337544170356819,-0.0141635528860313
PI_266925,-0.00628270664085734,0.0128993744610822,0.0509845749600208,-0.00106811588385906
PI_169420,-0.0172471141806897,-0.0555631692107739,-0.0321195566846356,0.0224775666134515
PI_167243,-0.0139436256703911,-0.0637009784846881,-0.0384278659427402,0.0287277255820433
PI_169423,-0.0142081759124611,-0.0549130867280438,-0.0261751095824222,0.010613064679343
PI_169422,-0.0145999498163164,-0.0459850773780906,-0.0222368253429927,0.0175099215534111
Ames_21644,-0.0334217841785278,0.0540651743005777,-0.0402831924813856,-0.00382557139011208
PI_379310,-0.0139445082071815,0.00221105019185283,0.0349303850998108,-0.0422029809806313
Ames_21645,-0.00903601269821781,0.0206527557400871,0.0990016220595511,0.0976841286283595
PI_379312,-0.0124453348844234,-0.0073335877645209,0.030967663290764,-0.034290059877931
PI_229688,-0.011065934053275,-0.0299983855636172,0.00535195274910421,-0.0172399254641293
PI_379311,-0.0179844160050477,-0.00126817040869118,0.0282006337570843,-0.0500468962340626
PI_379313,-0.0121553978846155,-0.00430761780712522,0.0268205246302356,-0.0373227766331234
Ames_21649,-0.0104913922673899,0.020849515566706,0.0922815231125325,0.0974195715496363
PI_379316,-0.0136257895844128,-0.0531888892384727,-0.025023693478166,0.0152003820938141
PI_379315,-0.0154629206403672,-0.0508595634029427,-0.0349340767448447,0.0208528378346329
PI_379318,-0.0114908500051679,-0.00382309043022612,0.0390423264892873,-0.0441566698329334
PI_379317,-0.0146627939170502,-0.053776892715139,-0.0339335361718745,0.0227971511182188
PI_379319,-0.0135163643449891,-0.00150196473140901,0.0336843982014571,-0.0511655645043914
Ames_21650,-0.0298176467770361,0.0615570355209994,-0.0299241235778162,0.0104068801843271
PI_525166,-0.0140690994914697,-0.00300060697477402,0.0452890231086366,0.0134012371215481
Ames_21651,-0.0369388956693088,0.0612160120957349,-0.0573860929953104,0.0241851264697445
Ames_21653,-0.0229239253663002,0.0424294367460261,-0.0108731350454456,-0.0220032473480662
PI_314806,0.0324464147395779,0.0146777411741676,0.0272438281230715,0.00236389894015521
PI_451849,-0.0320723656466251,0.063886410304948,-0.0494627542471233,-0.00238768881985194
PI_379302,0.0921554970400632,0.0136485540629014,-0.019171960444132,0.00494546455555639
PI_379307,-0.0156682185982374,-0.0397487988885322,-0.0172539260579602,0.00296393554117631
PI_379309,-0.0140819235444249,0.00406016026115585,0.0288322466894427,-0.0470508977433841
PI_379308,-0.012352636795053,-0.00140779676186712,0.0230656727239447,-0.0445948207358489
Ames_28296,0.087190070382309,0.00986356696753368,-0.0114431240494603,0.0105482864876791
NSL_104548,-0.0401347559803399,0.0686340222234943,-0.0664324230833515,0.0191895023296643
PI_157099,-0.00956238230159867,-0.0197390916783278,0.000507183051568936,-0.0410254311017348
PI_299574,-0.00546173013002836,0.014113608615896,0.0301118599577977,-0.0145587633054137
PI_311741,-0.0131996330772351,0.00411461601367881,0.0478016408640731,-0.0108463346481704
PI_299575,0.0105659406777357,0.0237744166732341,0.0340715810235342,-0.0373472044473815
PI_379321,-0.00840917063677256,-0.000686045652792493,0.0253172332962163,-0.0371610071745721
PI_379323,-0.00994367512435062,-0.00714591902775394,0.0252695646696098,-0.035841102359697
PI_379322,-0.00600180535195012,-0.0127593895830478,0.0151047348572365,-0.00700588841368324
PI_379324,-0.0121947437558234,-0.00264984395293405,0.0246031683671401,-0.04103693501511
PI_615151,0.0726424906544104,0.0154932455800259,-0.00201240523616076,-0.00510626265190234
PI_615150,0.0622631593406144,0.0126603546082726,-0.0024216355609082,-0.0035059779659483
PI_615153,0.0861210538841934,0.0142716597677759,-0.0155611558515441,0.00248985703226259
PI_615152,0.0786584925962902,0.0132563141029273,-0.0123999582588664,-0.00526476436805362
PI_615155,-0.0096094052426689,0.00554446890470462,0.0503893885730354,-0.00328339305249665
PI_615154,-0.00998850180116498,0.0237662824993095,0.093285659334488,0.127012725604151
Ames_24950,-0.0286164605998733,0.0434294072114749,-0.0173632491216527,-0.00618590246757199
Ames_24951,-0.0149440523842311,0.0260710265445972,0.0495473470210112,0.0569703638911015
PI_175707,-0.014578774737784,-0.069224562575354,-0.0466258336075708,0.0322259366443887
PI_175706,0.00343622290823891,-0.0517300533623256,-0.035680670020923,0.0146912453801056
PI_175709,-0.0109258854852424,-0.0292678623269788,-0.00486178979392805,-0.0167156929558881
PI_175708,-0.00555924096295449,-0.0380729750551341,-0.0184876430753947,0.00633105140365353
PI_219694,-0.0174748619214419,-0.00350698295625386,0.0289543947414297,-0.101234116749196
PI_175705,-0.0128392717853142,-0.0599676378606602,-0.0349650541118827,0.0252488493771438
PI_175704,-0.0129517896390459,-0.0621097130701987,-0.0327347317497498,0.0254767614707372
PI_615148,-0.0110694695566925,-0.0177702649349817,0.0134497161367395,0.031473116432205
PI_615147,0.080756911283913,0.00924638160372117,-0.0126890298061444,0.00191385443476221
PI_615149,0.0626223242800657,0.0147034221290191,-0.00409254637345358,-0.00270415769131535
PI_615140,0.0704370032797177,0.0114364677312582,-0.00539316623258829,0.00156727169086354
PI_267758,-0.0137322362045306,-0.0615486370020094,-0.040969557636095,0.0229658021976669
PI_267757,0.00585257841799199,-0.00885806665930003,0.00789659333753574,-0.00353015437983878
PI_615142,-0.00892208409493306,-0.00153107447443003,0.02555892582018,-0.0179128964061373
PI_615141,-0.00904526857976377,-0.0466219649008668,-0.0250720639293854,0.0123634210574755
PI_267759,-0.00854701628173064,-0.03805854702596,-0.00816570165811178,0.011781973022635
PI_615144,-0.00579258177443428,0.00660770148875685,0.0371598825964211,-0.0308762751218804
Ames_29179,-0.0106622327485587,-0.00514650902014662,0.0314564835550664,-0.0663905701732579
PI_615143,0.0806793937989581,0.00971619692156465,-0.00757866102114851,0.00102266982365401
PI_267756,0.0270053466181422,-0.0243649255093733,-0.0156522226820989,-0.00216620727410807
PI_615146,-0.0103941805621554,-0.00850521462963695,0.0255073656172114,-0.0173516991033747
PI_267755,0.0102197296766001,0.0228744039745752,0.0309537611352022,-0.0183840851054081
PI_615145,-0.0106085407675557,0.000826857005947181,0.0330824357783816,-0.0312988231713748
PI_175710,-0.00627038177542894,-0.040979470040258,-0.0205108845173808,0.0151235885378234
PI_175712,-0.0137819483807016,-0.0153881329825914,0.0076928627113371,-0.0306878580090208
PI_175711,-0.00839969093223521,-0.0377760037409318,-0.013973150027095,0.00975177762404692
PI_234615,-0.00619294010047851,0.015442086395649,0.0583485222554396,0.0256465864287716
PI_234614,0.0122759536049195,0.0219493349729011,0.0323833226039863,-0.0277044686080779
PI_234617,0.0902280728632704,0.0111613145238755,-0.0153903940780274,0.00349071815059371
PI_234616,-0.00249598441985203,0.00960528463434797,0.0288782680913266,0.00111218874335225
PI_234618,-0.00536837006032681,0.0146484546339755,0.0512604395483732,0.0307436229196862
PI_175714,-0.0155719306240694,-0.0589006199889308,-0.0271097238878382,0.0142308646463729
PI_227299,-0.00996800712326143,-0.0349503264331693,-0.0175077815521778,0.00371782376624346
PI_175713,-0.00955450153945581,-0.0232156080846821,0.00184631320968007,-0.0205453959255859
PI_227298,-0.0152013997239926,-0.0380389979777859,-0.0136738755509825,-0.00209060954297626
PI_615137,-0.0157462560307915,0.0370053053291907,-0.00637491538168382,0.00390002562145176
PI_615139,-0.00866929616632037,0.0191407301825615,0.0964557949641129,0.108365507599731
PI_615138,-0.0143588872686316,0.04007247793548,-0.00812438606243283,-0.00839235115092959
Ames_29181,-0.0176191625708166,0.00361931700047106,0.0132705034209742,-0.0467160158686338
Ames_29180,-0.0142881158330439,-0.00266520618992637,0.0074880349722623,-0.0444721355359591
PI_615131,-0.018088430856505,0.051076314297678,-0.0456277790691747,0.0134652029602913
PI_615130,-0.0174107969095611,0.0570797542879342,-0.0365113941038916,0.00349509526657235
PI_615133,-0.00967687359383058,0.00269558672157239,0.0372843310103621,-0.0131847644858723
PI_615132,-0.0172553989721884,0.0529870167337028,-0.0405642517391502,0.00687560950230601
PI_615135,-0.0203823996503802,0.0233294825052406,0.00602211022429864,0.0138569747520183
PI_615134,-0.0237162000903112,0.0378229846797692,-0.0126275763712782,-0.0125619682894986
PI_265560,-0.0127835836594102,0.000145871720734797,0.0289550192010858,-0.113960941802159
PI_525172,-0.0110121660640645,-0.00346699998387324,0.0489670865369783,0.00928467295716556
PI_525173,-0.0124364431930604,-0.00435436133250842,0.0469016854700182,0.0115422118404475
PI_525170,-0.0109554925564203,-0.00719334617461339,0.0444143783377509,0.0248741107832024
PI_525171,-0.012143163199578,-0.00545530051531905,0.0461793793658451,0.0196968178533451
PI_525176,-0.0133483763069542,-0.00408261928004839,0.0482888454520987,0.0139931893910315
PI_525177,-0.00823691760981883,-0.0028196944687766,0.0444723657321653,0.00679954818440209
PI_525175,-0.0140877316190902,-0.00432856192747853,0.0578574890388039,0.0125503826583478
PI_525169,-0.01469182681184,-0.00359552061712985,0.0509757590932657,0.0195784643088748
PI_615126,-0.0293160868368905,0.0538129656406593,-0.0459649016743801,0.00288546303435004
PI_615125,-0.0328741317425951,0.0536442792569291,-0.0430481810660982,0.0024086666595013
PI_615128,-0.0224191433742975,0.0579867643416951,-0.0407772772070262,0.0137811993206746
PI_167097,-0.0138442606240399,-0.0656520882602229,-0.0497243290521041,0.0285703011087203
PI_615127,-0.0149487787612001,0.0552673758526621,-0.0435656861229466,0.00720521757392222
PI_207479,-0.00401622616519279,-0.013034125853593,0.013734534970417,-0.0737539974661245
PI_615129,-0.0189280824867011,0.0522957326978013,-0.0427374123134898,0.00416494249464105
PI_615120,-0.0320266418079151,0.0615453526854963,-0.0442795095747136,0.0027607662762109
PI_615122,-0.0328869095720286,0.0601774063957611,-0.049443703776361,0.00543295024627807
PI_615121,-0.0332809474218103,0.0544129492024898,-0.0416147815165197,-0.00168650444009188
PI_615124,-0.03003134414,0.0589827977224331,-0.0522795654830473,0.0124194504379671
PI_615123,-0.0314210248193901,0.0552673825721302,-0.0490651105391252,0.00365355923288685
PI_438822,-0.0346193472285648,0.0524261006290942,-0.0592461724431317,0.00773893866406895
PI_506443,-0.01206729751706,-0.0508511890730285,-0.0278077745282812,0.0192884446491523
PI_525181,-0.0127638639415858,0.00098516828874615,0.0523485751124445,0.00774734787755598
PI_506441,-0.0143726886521671,-0.00847517738722182,0.0206169765336301,-0.0217364825087824
PI_525182,-0.0134824756449002,-0.00221252414812487,0.0604118768767948,0.018507185754084
PI_438823,-0.0272420290687081,0.0548071424277052,-0.0445429483186213,0.0070111305323569
PI_306126,-0.0117622882593369,-0.0653930591640749,-0.0368098259280809,0.032949184853664
PI_525178,-0.0132880824165411,-0.00211657965570042,0.0515431119888019,0.00471601475737854
PI_525179,-0.0124675537032143,-0.000242701672533031,0.0530663963846369,0.0120894210463107
PI_615115,0.0911727376501017,0.0152121384275036,-0.0125033597995095,0.00100483009113787
PI_167084,-0.0101538950007051,-0.065620654769557,-0.0428025343042739,0.0228771078117063
PI_615114,0.0974616000261845,0.0111321637940599,-0.0189006600887521,0.00500064729004198
PI_615117,-0.0142199411062487,0.0215462799070139,0.060432199572049,0.115340393537548
PI_615116,0.0211559671898631,0.0236623745322949,0.0252006447400006,-0.0206616088104201
PI_615119,-0.0104638170650089,-0.000293416295737008,0.0200733885234856,-0.0718898194590192
PI_615118,-0.0336258744051076,0.05114612362771,-0.0529225920186578,0.0140933347841784
PI_537532,-0.0105705881167432,0.00270273301886913,0.0714470821448963,0.126290222736522
PI_600771,0.0731503808560018,0.0156691399881214,-0.00510703746491788,-0.00954776096517427
PI_491202,-0.0124315356628439,-0.00436584970964863,0.0552596873304785,0.02085599246343
PI_491201,-0.0106403339658534,-0.000588900636667878,0.0375034113225785,0.0231984637731634
PI_442260,-0.035663435753141,0.0584342133539856,-0.0580901623089671,0.00849743671400924
PI_344070,-0.0126962093497377,-0.00725555713318185,0.0194568151508225,-0.0450371287672444
PI_344071,-0.000908026004895094,-0.0343970613760956,-0.0169175154175696,0.0118957458298004
PI_512693,-0.0126077378484993,0.0311706909778795,0.00306184205366167,0.000966026078315143
PI_537514,-0.0220856694629019,0.0424005791566418,-0.014445815801195,0.00165371839206792
PI_537513,-0.0265303412759995,0.0439657173002767,-0.0217129729938825,0.000772577924182248
PI_537519,-0.0249377932328266,0.0387440374409935,-0.015738007709745,-0.00806406210939586
PI_600995,0.00278952643081169,0.0259574934272391,0.0324361264553487,-0.0232617955706381
Ames_26951,0.100324270028368,0.0112854711413949,-0.0216536186835451,0.00426872150690847
Ames_26952,0.0914649118099868,0.0126505409202258,-0.0141376452266708,0.00768381089178383
PI_442293,-0.0303915440228535,0.0552464501495493,-0.0518341957823859,0.0111825252763633
PI_442294,-0.0223297323064494,0.0518602725582503,-0.04038691061147,0.00698034140702273
PI_442295,-0.0347545326253761,0.0536241736618849,-0.0547885123676214,0.0118160779104539
PI_442296,-0.0292365629886747,0.0570377567538104,-0.0533716177854699,0.0190808013404036
PI_442297,-0.0351023989546573,0.0609261443211631,-0.0522793553253906,0.0136786384445488
PI_442298,-0.0364335970142297,0.0600076583666317,-0.0546741765077002,0.0171651761574771
PI_442299,-0.0338555442943991,0.0602582564336085,-0.0565224278899548,0.0141062608947215
PI_442291,-0.0268498284553296,0.0515776929971845,-0.0502065127113246,0.00712593067760056
PI_537505,-0.0224064809849094,0.038622013387296,-0.0157544086682836,-0.0103205815738366
PI_537504,-0.024349251386947,0.038799071960192,-0.0165436091792138,-0.00551437146208504
PI_442292,-0.0329567217080983,0.0580696851162827,-0.0402616750140859,0.00607716523430738
PI_537508,-0.0282291987418003,0.0410256517196033,-0.0201566481269944,-0.00535249540455487
NSL_199054,0.0265998840093579,0.0226135058917351,0.0219980248058013,-0.0183570423241468
PI_431582,0.00311724073233429,0.0111327310520376,0.0377232612424642,0.00571189679420904
PI_427095,-0.014510060144042,-0.0302355402181977,-0.0136483233038894,0.00131584371063769
PI_223773,-0.0155920264724633,0.000802274738393968,0.0286245634390846,-0.103527197254448
PI_537555,-0.0155638444164364,0.0312091023899791,0.0237720865007012,0.0300624455759962
PI_288240,-0.0096002165155201,-0.00576964161402509,0.0549734416692739,0.0127358934761693
PI_288241,-0.0103631939364106,-0.003902977373219,0.0522857595706298,0.019498773219241
PI_537560,-0.0118419236519858,0.0414824532463043,-0.00753760629555128,0.00152144590122084
PI_537562,0.00633176903361827,0.0234481918385625,0.0279752293398789,-0.0337232178949279
PI_165992,-0.00854335990507418,-0.0175402657028336,0.00728137803410962,-0.0281901816862088
PI_512870,-0.0200176067903193,0.0433833211915621,-0.0101062976697494,0.0103037103470847
PI_260653,-0.00809359312355542,-0.00386192658504754,0.0334084555297802,-0.032050871739928
PI_512874,-0.0150598737312331,0.0383694551012565,0.00340531144749972,0.00829367244678901
PI_177369,-0.0118760432480142,-0.0587747444266764,-0.0302629490494872,0.0228196718726164
PI_442313,-0.0364630304302232,0.0617047337241652,-0.058794254988009,0.00666765509322551
PI_442314,-0.0223636664006006,0.0474456549349692,-0.0381497906525366,0.00908731378513102
PI_442315,-0.0362952392211301,0.0606286335464019,-0.0506460050042249,0.018350635671836
PI_268381,-0.0121262439721497,-0.00194640975906145,0.0256655618636151,-0.108478235088233
PI_442316,-0.0281671258749149,0.0581094286943834,-0.0448747496978066,0.00968481243477385
PI_442317,-0.03582658273104,0.0652738844749713,-0.0613814277617885,0.0117352727563835
PI_442318,-0.0341158481650125,0.0588657862476276,-0.0624372533659084,0.00966453646928313
PI_442319,-0.0342930451710377,0.0553272971843436,-0.0547151528838361,0.0121515821641868
PI_442791,0.0100903344126226,0.0231025565493916,0.0372503525517417,-0.0339453625241191
PI_442792,0.0111587176554143,0.0158747555989823,0.0290003512091531,-0.0309903928066307
PI_442310,-0.037615807778883,0.0576477416147024,-0.062015632803253,0.00759350691615619
PI_442311,-0.0339499032417124,0.0597696706689245,-0.0426729812431092,0.0130955197809499
PI_177375,-0.00718036656065528,-0.00626052846558156,0.00588921730261494,-0.0164500667896914
PI_177376,-0.0163385531769336,-0.0025489886112168,0.0174780557300832,-0.0404162799493705
PI_512881,-0.0143728795262078,0.0337054613796365,-0.00163967956240577,0.00738717317967378
PI_512880,-0.0166227912423233,0.0371291452936967,-0.00800479854621719,0.0135791327219035
PI_177374,-0.0156324647085001,-0.00281138722694028,0.0176484077352724,-0.0399918491840886
PI_512886,-0.0175702952649161,0.0384102219479299,-0.000854037609951539,-0.00235643240398451
PI_177372,-0.013429458893986,-0.0457004330890077,-0.0228045954381497,0.00288630643547329
PI_181878,-0.00999960771052523,-0.050538612332739,-0.0360044155569318,0.00904803489267669
PI_177370,-0.0132987357902222,-0.0606097951262358,-0.0404517691365375,0.0247459052336636
PI_442309,-0.0362901167441418,0.0590078436794614,-0.058738482800931,0.00550920971566702
PI_177377,-0.00534315724147753,-0.0537583867484514,-0.0282104327357728,0.0203687099558979
PI_442304,-0.0344528238619128,0.0575245991872168,-0.0607246760938484,0.00532432015878458
PI_442305,-0.0356278514068234,0.0587829549422735,-0.0550447609985157,0.014172796611521
PI_442306,-0.0281256089653032,0.0524047979354096,-0.050481332653553,0.0190897886996567
PI_442307,-0.0357330928882292,0.059893857264483,-0.0544606615462803,0.00909301816222927
PI_442308,-0.0344698698077577,0.0644038492812425,-0.0621802253215361,0.0119935126081465
PI_292014,-0.00582957154893615,-0.00128506407401861,0.0356069955060396,0.0263752673712047
PI_442300,-0.0296234244388868,0.0602501951540428,-0.0616771759179206,0.00282147282442103
PI_534640,-0.00654367080413934,-0.0113260309695012,0.0185505763939765,0.0331631414156746
PI_534641,-0.00644413396612834,-0.0141456251367767,0.0104024238823111,0.00656033449240646
PI_595838,0.0760875723570079,0.0109584137144701,-0.0090689261049671,0.00781371953321189
PI_512851,-0.0150541659394385,0.0192829275838185,0.0209684710331163,0.0158086921941546
PI_512858,0.0296679130748766,0.0244500791479003,0.0238601901865444,-0.00918591272119808
PI_512857,0.0502213331375095,0.0207751134914558,0.00207889652396007,-0.00348268957064441
PI_512859,0.0463461309502485,0.0185278325023514,0.00541313281849393,-0.0117243047563591
PI_226511,-0.0132380949043098,-0.0377540511985249,-0.0202679225659577,0.000874483844658266
PI_442335,-0.0298611987553274,0.0508122031644882,-0.0529001647833656,0.0072816610430349
PI_442339,-0.0359829387310815,0.0608503135885596,-0.053106400899148,0.00928232556913365
PI_442331,-0.0352653294501462,0.0607572853413929,-0.0545336854159185,0.0114044588148763
PI_512861,0.0357050918933774,0.0196911487234871,0.0197416981006778,-0.000649145212103904
PI_512860,0.0400380261466645,0.0171687302713512,0.0130128441288004,-0.0116963761593149
PI_534630,-0.00846702160623596,-0.0122062327044678,0.0104092565465368,0.0139370596430839
PI_534632,-0.00525307187569107,-0.00875687339204268,0.027105032902417,0.0461033566153912
PI_512863,0.0483072761152557,0.0191872259598134,0.00902526159818368,0.000425658270728262
PI_534633,-0.00633719713138568,-0.0131226077886341,0.00483958776816887,0.013803385142709
PI_534634,0.0221654670587084,-0.00382202246088115,0.00350764915828073,0.00227046670155885
PI_512862,0.0338165749874618,0.0187661811323504,0.0126317444899018,-0.00114385298541494
PI_534635,0.0308090587547288,0.002718443050448,0.00127402154788196,-0.0116128116463955
PI_512869,-0.017550944532183,0.0333055383327708,0.00623347224166076,0.00753269180348354
PI_534636,-0.00646781514836308,-0.0130530722814222,0.0134846314742056,0.00631759935455868
PI_534638,-0.00778451718510162,-0.0122809571592064,0.0181796642850757,0.0256322805184032
PI_534639,-0.00984260465338934,-0.000144180098482619,0.0538725615397849,0.0850957752738105
PI_442325,-0.022625339375176,0.0455880106742127,-0.0259914640012668,0.0092571468744606
PI_442320,-0.0384842317206213,0.0650250210255797,-0.0616755062888737,0.0113139652059072
PI_442321,-0.0304517843708414,0.0510275354762626,-0.0359346371364856,0.00778638161177826
PI_442322,-0.0338683921688656,0.056797262240096,-0.0369503015997182,0.0046231526141482
PI_261780,-0.0103455465456943,0.015650715017661,0.0769819702100653,0.114660881432054
PI_178898,-0.0148024361995299,-0.0158982940737971,0.00839219395497343,-0.0334338941326206
PI_178897,-0.00727481142288788,-0.0146619436082855,0.00259558767336801,-0.0378444241284336
PI_178896,-0.0106920268359079,-0.0367676740001984,-0.0190456093298199,0.0095566150752283
PI_143306,-0.0113144624345631,0.00265003688415577,0.0207783118624501,-0.0282527996628034
PI_540907,0.0988680659306269,0.00991276349312871,-0.0198355851979105,0.00535565986243034
PI_109486,0.0159510758755922,0.0239298639621869,-0.0278047939568545,-0.000647838789627061
PI_406678,-0.0157790110752058,-0.0126798086014682,0.0152733618552528,-0.0501610672027479
PI_406679,-0.0149915344764061,-0.0107830001112061,0.013427140734388,-0.0470077982311675
PI_257287,-0.0237925773022887,0.0359711334814683,-0.00569441661453404,0.00550014697242337
PI_143329,-0.0162534807418251,0.00687485789811292,0.0187590454420325,-0.0327845217494547
PI_269483,0.0732148688902882,0.0115872777451376,-0.00705616876470309,0.00528490930280904
PI_608048,-0.0113954292204203,0.00018828154048915,0.0286892340667333,-0.0851485092074509
PI_192941,-0.0142026120309757,-0.00251825037730823,0.0220336510558161,-0.0933724844095296
PI_293791,-0.00987823286027316,0.000202266164499625,0.0377727053111285,-0.0453788266897337
PI_175130,-0.0147729014958608,-0.00235130833765494,0.0241006690104448,-0.10005962301053
PI_155301,-0.0139819095278939,-0.0662819495690771,-0.0356347637904966,0.0203873562753381
PI_512662,-0.0170627152474697,0.0362203512025948,0.0120412222572396,0.0219535334991519
PI_512665,-0.0168385179596986,0.0380127623565295,-0.00902453181289163,0.0053012825091142
PI_206956,-0.0153178111987353,-0.0617754214212996,-0.0411479839700724,0.0221151388939565
PI_206957,-0.0101169256242812,-0.0551731779919981,-0.0253430544032215,0.0183607837058481
PI_614701,0.093543909706194,0.0140534339240086,-0.0235092991475042,0.000615936072893631
PI_614700,0.0959106905678186,0.012829473875623,-0.0226603974765919,-0.00380753880336636
PI_449350,-0.0236337183855946,0.0516676918214416,-0.0334186616419308,0.00542891874625723
PI_438696,-0.0160723824242747,0.0536477869074724,-0.0405242879562211,-0.00175274422576486
PI_438699,-0.0029833746540343,0.0565550318787319,-0.0312360149290799,0.0108949853992237
PI_167392,-0.0129310775485683,-0.067228318735571,-0.0388801214981212,0.0322706969472574
PI_512803,-0.021754549866171,0.0552131708865733,-0.0226270399275781,-0.00888977761373037
PI_512802,-0.015714275717086,0.0480083275611504,-0.0255104719920022,-0.0161359876663062
PI_512801,-0.019893292037676,0.0535220787874928,-0.0277640856352644,-0.0143853519028485
PI_512800,-0.0245876181692423,0.0535619870661518,-0.0154032401307197,-0.00629940314786506
PI_512807,-0.00958343644664395,0.00445046685859472,0.0499842978946601,-0.0516858857065212
PI_512806,0.000938722950199885,0.0241329029655839,0.0345693330109452,0.0257456482790547
PI_512805,-0.0127880257575581,0.0275875876300874,0.0418705875333074,0.0562767773226372
PI_512804,-0.0174467062442379,0.0328636557516993,-0.00302550219917898,0.00130042042049738
PI_531319,-0.00913172701918162,0.00178892730259353,0.031683813212667,-0.0111615729252929
PI_531318,-0.00134144551696573,0.0107015475226687,0.0424335238644233,-0.0218855065804602
PI_531316,0.019418051851015,0.00449286429885708,0.0203048543080595,0.00249429336567764
PI_531315,-0.00983205293885286,0.0106382506462531,0.029346124471162,-0.0149629504310123
PI_214122,-0.0200559343004803,0.0333028182971613,-0.00653664832937934,-0.0119791558291307
PI_136448,-0.0151097154577749,-0.053420470501797,-0.0265164039215806,0.0172241241040069
PI_511980,-0.0351447492771956,0.0608463163608812,-0.0626301796940914,0.0135777340116266
PI_511981,-0.0377778900915276,0.0684700158013434,-0.0646076951815149,0.02013177058444
PI_534620,-0.00560351483898568,0.00287279543002789,0.0514362230815746,0.107222328089056
PI_512831,-0.0111309955953272,0.023268589796285,0.0565895815686362,0.0794720005142813
PI_534621,-0.00857821373693743,0.00782884444611685,0.0670927130624234,0.131909749085461
PI_511982,-0.0358578357877646,0.0597568613797985,-0.0600103041570642,0.0161777684875467
PI_534622,-0.00950483757410592,-0.0203132880409314,0.0100520087771158,0.0172267239619759
PI_534623,-0.0115892288538171,-0.00649251310717382,0.0243457217504885,0.0178323761415426
PI_511983,-0.0393985019692293,0.0703067191860029,-0.0721147677881233,0.0241437737391171
PI_512836,-0.0191063489241605,0.0365188743639703,-0.00594303446460869,0.0059137455682945
PI_534624,-0.00838035185113667,0.00176995751212467,0.0566799558232976,0.112027264609974
PI_282487,0.0240390047340415,0.0209069090202632,0.0226236291699472,-0.010880442213902
PI_534626,-0.00746944987567484,-0.0328482352810043,-0.0146869552619331,-0.00247882972399633
PI_512834,-0.0129029160117787,0.0213519208310224,0.0590925776833999,0.114112097055984
PI_282486,0.0807003042599292,0.0126440195905458,-8.37257587621761e-05,-0.00329676264221823
PI_534628,-0.00529097289938845,-0.00852227292229964,0.0302831534459153,0.0396358101046916
PI_512837,-0.0183133058183207,0.0392052295418062,-0.00513992081375572,0.00996549771556703
PI_171625,-0.0137345256450625,0.000211046987238179,0.0216706889596199,-0.048696951508283
PI_171626,-0.014468962103591,-0.0529109171272356,-0.0265630375005204,0.0110704259978109
PI_171627,-0.0113873293177933,-0.0570066338998481,-0.0316124133087914,0.0180406250170555
PI_171628,-0.0122540146146893,-0.00813265532714387,0.013155469295693,-0.0461446106618886
PI_171621,-0.0113571485223638,-0.0684510834716508,-0.0447868351824921,0.0323282254243756
PI_171622,-0.0112029539649794,-0.0391223980389053,-0.0148400834430724,-0.00822239833626602
PI_171623,-0.0141173351040068,-0.00452341455712613,0.0253002754709139,-0.0371531907795488
PI_171629,-0.0119003904285866,-0.00813555591960363,0.0174464513111916,-0.0426702103561152
PI_512840,-0.00608758207266912,0.0267055610698786,0.0143981501437309,-0.0119903205376605
PI_171631,-0.00895414256565656,-0.0560952154958311,-0.0231570669265084,0.00927247292109114
PI_171636,-0.0164670028533549,-0.00284292440364657,0.0267599899131481,-0.0463958513225047
PI_171633,-0.0139603712232562,-0.0624342354815248,-0.0358280267153994,0.0194852867044193
PI_171635,-0.0139297044521732,-0.0541068996471159,-0.0338090208079583,0.0153594241995898
PI_512810,-0.0193873171774984,0.0369156949328878,-0.00211274647859527,0.00807489791920818
PI_511967,-0.0385400943847262,0.0622888732195617,-0.0530191205808859,0.0172888764860947
PI_512813,-0.0188293584962357,0.0394718115360815,-0.0113916149147143,-0.00580620587761202
PI_512812,-0.0135874598287527,0.0335107188227979,-0.00501351590088701,0.00654937324951643
PI_451853,-0.0284588439270626,0.0621502725193117,-0.0594640895972015,0.00384096683720643
PI_451854,-0.0354815351833751,0.0679240041636972,-0.0639222745627739,0.00685406981340153
PI_451851,-0.0164912715782376,0.0278577718093729,0.0310274338877158,0.0356617111903833
PI_512817,-0.0126043645054421,0.0290587137281198,0.0192077792471026,0.0311282742849205
PI_451852,0.0739821965692067,0.0104768668371205,-0.00240368593831842,0.00871194877360027
PI_511968,-0.0410146350433497,0.0689973697212018,-0.04875939042533,0.0150739540352527
PI_511969,-0.0393991052091808,0.0676302925005404,-0.0584378670567859,0.020323448827936
PI_167136,-0.0135529123048394,-0.0641761155853331,-0.0434370773956458,0.0228164548315919
PI_482590,-0.00853672107772592,0.0152267957720492,0.0192358171635856,-0.0173111947050968
PI_482593,-0.00717152387684484,0.0187252095335563,0.0134951160156366,-0.0180054681966419
PI_482592,-0.0077425795614341,0.0216568531943979,0.0183010375377779,-0.00585749146748438
PI_531323,-0.0132417337055959,0.00793399550155722,0.0633445607271112,0.00617536967992459
PI_531320,0.0818529955053202,0.0108630802806164,-0.00447169345809393,0.00298451831347374
PI_251791,-0.0121856100949661,-0.0589845648929326,-0.0308625694009729,0.0227609450414403
PI_511970,-0.0353101906626728,0.0621661386492568,-0.0561082285100376,0.0220386131277912
PI_511973,-0.032928711393255,0.0613830515085595,-0.0505706419550332,0.0217762181785326
PI_512820,-0.00962138438588759,0.0233492382830177,0.0948790768667983,0.139502651231692
PI_511974,-0.0377857588323018,0.0653943288283234,-0.0596712102232156,0.0181748395988552
PI_511977,-0.033580472713723,0.063779913157783,-0.0554856200687972,0.0174538437491104
PI_511978,-0.035650644017255,0.0597968620404516,-0.0594520065693718,0.00909311485148431
PI_512823,-0.0168181209775484,0.0344408911080864,0.000864244047438233,0.00310972761695273
PI_512822,-0.0168577002791479,0.0365487768688896,-0.00355355199046755,0.00525840993160746
PI_511979,-0.0334097707068832,0.0651143868982491,-0.056718851605174,0.0133817664325931
PI_512826,-0.0164904572480762,0.034401281604547,-0.00274393826084223,0.00028121591895064
PI_227237,-0.012782510553632,-0.0450915506627739,-0.0238402545925827,0.00886596115790457
PI_167364,-0.0166684074634206,-0.0533961306595947,-0.0342053677375737,0.0187388366182512
