chr,pos,allele
0,287545,G/A
0,4149492,A/G
0,4149500,A/G
0,4149504,A/G
0,4286873,A/G
0,4286874,T/C
0,4286877,T/C
0,4286880,T/G
0,4286886,T/C
0,4286904,T/C
0,4286910,T/C
0,4286926,T/C
0,4286928,C/T
0,15492738,T/C
0,15492743,G/T
0,15492747,A/G
0,15492753,T/C
0,16734827,T/C
0,16734834,G/T
0,16734857,T/G
0,16734864,T/A
0,16734882,A/G
0,18634748,A/T
0,18634758,A/C
0,18634759,C/A
0,18634761,C/A
0,18634773,G/A
0,18634781,T/G
0,18634784,C/T
0,23228582,A/T
0,23228585,A/T
0,23228637,G/A
0,23280683,A/G
0,23280699,T/C
0,23280707,T/C
0,23280721,A/G
0,25110285,G/T
0,25110286,T/C
0,25110288,C/T
0,25110292,T/C
0,25110306,G/T
0,25110313,A/G
0,25110315,A/G
0,25110324,A/G
0,25110328,A/G
0,25110331,T/C
0,25110341,G/T
0,29929170,G/A
0,31275804,T/A
0,31275832,G/A
0,31275836,T/C
0,31275837,T/C
0,31275842,G/T
0,31275849,A/G
0,34428524,T/G
0,37671905,A/G
0,37671909,A/C
0,37671910,C/G
0,37671913,A/C
0,37671916,A/C
0,37671920,T/C
0,39088208,T/C
0,39088245,T/C
0,39088248,T/C
0,39088256,T/C
0,51421529,A/G
0,51421533,T/C
0,51421534,A/T
0,54002835,T/C
0,54002857,A/G
0,54002867,C/T
1,585960,G/A
1,586277,C/T
1,1116878,A/G
1,1117297,A/G
1,1452351,A/G
1,1508072,A/G
1,2315055,G/T
1,2315070,A/G
1,2315377,G/A
1,3131312,T/C
1,3131860,C/T
1,3201059,G/C
1,3201083,A/G
1,3245317,T/C
1,3416321,A/G
1,3800931,T/C
1,4053900,T/C
1,4109292,G/C
1,4325127,A/G
1,5067519,G/T
1,5067570,T/A
1,5434432,T/G
1,5434435,G/A
1,5434438,T/G
1,5434439,T/C
1,5618506,T/A
1,6700668,T/G
1,6974438,A/T
1,7181367,C/T
1,7181381,G/A
1,7905985,T/C
1,8028829,C/T
1,8028838,C/T
1,8052692,A/T
1,8425159,A/G
1,8538418,A/G
1,8677725,G/A
1,8677752,T/C
1,9076431,A/T
1,9076730,T/C
1,9316875,T/G
1,9431185,G/A
1,9431190,C/A
1,9791384,C/T
1,9791759,C/A
1,9791761,C/T
1,9791765,C/A
1,9791769,A/G
1,10063304,T/A
1,10063319,G/A
1,10132546,G/A
1,10252097,C/T
1,10256188,T/C
1,10311337,T/C
1,10598766,A/G
1,10598777,G/T
1,10598788,G/A
1,10612261,T/C
1,10796314,G/A
1,10906881,T/C
1,11048030,T/G
1,11130509,T/A
1,11130511,G/C
1,11130515,T/C
1,11642985,G/A
1,11737976,C/T
1,12747281,C/T
1,12766275,C/T
1,12766278,A/T
1,12766279,A/T
1,12766280,G/T
1,12766281,A/T
1,12891153,G/A
2,1501995,T/C
2,1525870,C/A
2,1525890,C/T
2,1594233,G/A
2,1626927,C/A
2,1626950,T/A
2,1626958,A/T
2,1639393,C/T
2,1901075,G/C
2,1901080,A/G
2,1901394,C/T
2,2776722,C/A
2,3758172,G/T
2,4436471,C/T
2,4652591,A/C
2,4772652,A/G
2,4772677,T/C
2,7222473,A/T
2,7222761,A/G
2,7222766,A/G
2,7222767,G/A
2,7222768,G/A
2,7692523,G/A
2,8025656,G/A
2,8026019,T/C
2,8725637,A/T
2,8805367,G/A
2,8805378,T/C
2,8822254,G/A
2,8822499,T/C
2,8920290,A/C
2,8953024,G/A
2,10086242,T/A
3,1874802,A/G
3,1874811,T/G
3,2291265,G/A
3,3442395,G/C
3,3492888,C/T
3,3492897,G/A
3,3493131,G/A
3,5295120,C/A
3,5422310,T/C
3,5422312,A/G
3,5422535,A/G
3,5599293,A/T
3,5599624,G/T
3,5599661,A/C
3,5634626,G/C
3,5666890,G/A
3,5874205,C/T
3,6414631,T/G
3,6598918,T/G
3,7206152,T/A
3,7235977,G/A
3,7495896,G/A
3,7604345,A/G
3,7731082,C/A
3,7731401,A/G
3,7996863,A/G
3,7996864,C/T
3,7996883,A/C
3,7996888,A/G
3,8331148,C/A
3,8331193,C/T
3,8627137,C/A
3,8732409,C/T
4,80892,T/C
4,81155,C/T
4,81159,T/C
4,81177,G/T
4,81188,A/G
4,81190,A/G
4,81193,G/A
4,355984,T/G
4,621596,C/T
4,832750,A/G
4,906226,T/C
4,1171588,C/A
4,1382438,A/T
4,1496797,A/G
4,1576266,T/C
4,1683675,C/A
4,1683872,A/C
4,1683874,G/A
4,1856666,A/G
4,1856669,A/C
4,1856671,A/C
4,1857031,T/C
4,2346444,C/T
4,3476753,C/A
4,3561758,A/C
4,3561772,C/A
4,3841351,T/C
4,4365306,G/A
4,4437149,T/C
4,4536809,G/T
4,5471289,T/C
4,5738368,C/T
4,5777313,G/A
4,6308465,A/G
4,6389981,T/C
4,6877199,A/G
4,6877501,G/A
4,6877565,A/G
4,7154400,T/G
4,7154408,C/T
4,7154424,A/G
4,7372586,A/T
4,7512035,A/G
4,7512049,C/T
4,7515349,T/A
4,7672765,G/A
4,8332183,T/G
4,8332568,C/T
4,8472322,C/T
4,8679326,G/A
4,8851356,A/G
4,9461153,A/C
4,9466333,A/G
4,9521524,C/T
4,10483068,A/G
4,14465679,T/G
4,14945111,T/C
4,14985715,T/A
4,15599136,G/A
4,15601703,G/A
4,15602137,T/A
4,16056681,A/G
4,16056683,A/C
4,16057860,C/T
4,16123500,A/G
4,16123525,G/T
4,16123530,A/G
4,16123538,T/A
4,16571475,T/A
4,16776572,T/A
4,17166396,G/C
4,17423854,G/C
4,17432288,T/C
4,17728617,C/T
4,18658000,C/G
4,18658424,C/A
4,18658435,G/A
4,18658798,A/G
4,19524134,T/G
5,345444,A/G
5,808000,A/C
5,1227412,G/C
5,1468329,A/T
5,1651247,T/C
5,1708860,A/C
5,1709016,A/G
5,1709025,G/A
5,1893749,C/T
5,2441638,G/C
5,2441857,A/G
5,2605897,T/A
5,2605923,T/G
5,2911025,G/A
5,3013904,T/C
5,3013913,C/A
5,5785859,A/T
5,5848789,A/G
5,5849126,G/A
5,6231346,C/A
5,7545481,C/T
5,7591517,C/T
5,8276242,C/T
5,8982889,A/C
5,9160472,C/T
5,9344637,C/A
5,9344664,T/C
5,10330800,T/A
6,492324,G/A
6,732963,C/T
6,732972,C/T
6,732973,C/T
6,873219,T/A
6,918731,T/C
6,1020049,T/C
6,1422983,C/T
6,1422985,A/C
6,1423010,G/C
6,1569555,A/C
6,1580062,A/T
6,1882575,A/C
6,1882618,T/A
6,1947608,C/T
6,1947627,A/G
6,1947941,C/G
6,2007122,A/C
6,2076206,G/A
6,2076215,C/T
6,2093461,C/T
6,2770593,A/C
6,3049828,G/A
6,3457372,T/C
6,3457374,T/C
6,3457381,G/A
6,3457387,T/C
6,3457396,A/G
6,3457399,T/C
6,3457411,A/G
6,3473717,A/G
6,3705280,C/T
6,3705545,C/T
6,3758366,T/C
6,3876725,C/A
6,4338133,C/G
6,4591281,C/T
6,4591300,C/T
6,4821428,A/T
6,5684227,T/C
6,5684243,A/G
6,6580053,T/C
6,6580077,C/T
6,6831165,A/G
6,6831168,T/C
6,6831188,T/C
6,6831213,C/T
6,6831392,A/G
6,6831398,A/G
6,6831410,G/A
6,6831412,A/G
6,6831422,A/G
6,6831432,A/G
6,6831434,A/G
6,6831445,G/T
6,7194359,T/C
6,7313388,G/A
6,7313650,A/T
6,7313684,T/A
6,7322034,G/T
6,7954926,G/A
6,8219034,T/C
6,8220428,T/C
6,8220445,A/G
6,8220448,T/C
6,8220455,A/G
6,8220465,T/C
6,8220467,A/G
6,8245327,G/T
6,8245334,T/C
6,8245365,A/T
6,8494492,G/C
6,9034186,T/C
6,9034202,C/T
7,165324,A/T
7,165342,T/C
7,165608,C/T
7,204112,A/C
7,712971,C/T
7,1173666,A/G
7,1173685,C/T
7,1448260,C/A
7,1545817,T/C
7,1545839,A/G
7,1547538,A/G
7,1647628,A/G
7,1771586,T/C
7,1852339,A/T
7,1852604,C/G
7,2085256,T/A
7,2108981,T/C
7,2484617,T/C
7,2663680,G/T
7,2681295,T/A
7,2815470,G/A
7,4160260,T/C
7,4160269,G/A
7,4214108,T/G
7,4214109,C/T
7,4548021,C/T
7,4548022,A/C
7,4548024,G/A
7,4746471,G/A
7,5199198,C/T
7,5345626,T/C
7,5389689,C/T
7,5389696,A/C
7,6022004,A/G
7,6291822,A/G
7,6291994,T/C
7,6473287,C/T
7,6473663,T/C
7,6485797,A/G
7,6485800,T/C
7,6525938,T/G
7,6896768,A/G
7,6954412,A/G
7,7572663,C/T
8,48256,T/C
8,1641538,C/A
8,1641562,T/C
8,1658184,T/G
8,1759105,G/A
8,1759117,A/T
8,1942133,G/A
8,2627033,G/A
8,3112197,C/T
8,4497931,G/C
8,4788241,A/G
8,4915926,A/G
8,5434765,G/T
8,5479418,T/C
8,6492725,A/G
8,6493166,T/C
8,6999883,T/G
8,7009084,C/G
8,7685516,G/A
8,7821408,A/G
8,7821418,A/G
8,7821420,T/C
8,7821426,A/G
8,7821427,G/A
8,7821452,C/A
9,227752,C/G
9,236993,T/G
9,472983,T/C
9,552571,A/T
9,700557,C/T
9,1179489,G/C
9,1224931,G/A
9,1225252,G/T
9,1225253,G/T
9,1225280,A/T
9,1381903,A/G
9,1922577,C/A
9,1922604,G/T
9,1963600,T/A
9,2078697,T/C
9,2129054,C/T
9,2130242,G/T
9,2130287,T/C
9,2130544,T/C
9,2330079,C/T
9,2801385,A/G
9,3019961,G/A
9,3215697,C/T
9,3236459,G/A
9,3236462,T/C
9,3236481,T/C
9,3236483,T/C
9,3236485,A/G
9,3244558,A/G
9,3244562,T/C
9,3244565,T/C
9,3244591,T/C
9,3244599,A/G
9,3655903,A/G
9,3655918,C/T
9,3655920,C/T
9,3655921,T/G
9,3655924,T/A
9,3655927,A/T
9,3655930,G/C
9,4392192,G/C
9,4406458,C/T
9,4406738,T/A
9,4417597,G/T
9,4618516,T/C
9,4618526,G/C
9,4879698,G/A
9,5129304,C/T
9,5155898,A/G
9,5155907,T/G
9,6128751,C/T
9,7529241,T/G
9,7529251,A/G
10,115493,G/A
10,250883,C/A
10,293121,A/G
10,293152,C/T
10,830483,T/A
10,830489,T/C
10,830845,A/G
10,1299665,T/A
10,1299668,C/A
10,1623660,T/C
10,1623674,T/A
10,1764165,A/T
10,1903409,T/C
10,1924883,C/A
10,2902315,G/T
10,2992772,A/G
10,3754784,G/A
10,3754787,C/G
10,4184952,G/A
10,4185054,A/G
10,4185708,A/C
10,4533482,G/A
10,4928672,A/T
10,5078689,G/A
10,5078696,T/C
10,5440859,T/C
10,5441162,C/T
10,5715241,C/A
10,5715242,C/G
10,5715243,T/A
10,5715245,A/T
10,5715246,G/T
10,8128343,C/T
10,8128374,C/A
11,145859,G/T
11,295545,T/C
11,304156,C/T
11,304192,G/T
11,315153,C/G
11,315159,G/C
11,315161,T/G
11,318216,G/T
11,433840,T/A
11,433845,T/C
11,455708,G/T
11,456004,G/A
11,820982,A/T
11,820996,C/A
11,821014,G/A
11,821414,A/G
11,821424,G/T
11,858080,T/C
11,1406216,C/A
11,1442163,T/C
11,1475442,G/C
11,1475483,A/G
11,1476270,G/A
11,1476286,A/G
11,1821305,C/T
11,2150940,C/T
11,2195511,G/A
11,2272054,C/T
11,2345741,C/T
11,2436394,T/G
11,3829766,C/T
11,4142877,G/A
11,4142883,G/A
11,4162200,T/C
11,4800651,T/A
11,5119128,T/A
11,5168899,C/T
11,5168910,G/A
11,5169171,A/G
11,5245985,T/C
11,5246011,A/T
11,5848773,T/G
11,6084144,A/G
11,6775634,G/A
11,6775641,A/G
11,6775647,T/C
11,6775667,A/G
11,6775683,T/C
11,6775860,A/G
11,6775866,T/C
11,6775881,C/A
11,6775886,T/C
11,6775903,G/A
11,6776288,A/G
11,6776289,A/G
11,6776293,A/G
11,6776310,T/C
11,6776320,T/A
11,6776330,C/A
11,6776331,C/T
11,6776334,T/A
11,6776336,A/G
11,6870889,T/C
11,8933064,C/T
11,8933216,A/G
11,8933309,C/A
11,8936658,G/A
11,8936663,C/T
11,9555167,G/T
11,9627714,C/A
11,9661796,C/T
11,9661801,G/A
11,9662111,T/C
11,9667831,C/T
11,9667870,C/T
11,9758897,C/T
11,9759154,T/G
11,10869324,C/G
11,10869735,T/C
11,10912723,T/C
11,10912775,T/C
11,11548669,G/A
11,11875802,G/A
11,11876108,A/G
11,12104609,A/G
11,12311415,G/A
11,12311428,A/G
11,12722199,A/G
12,235663,T/A
12,235900,A/G
12,495243,A/C
12,878943,T/C
12,1025052,G/T
12,1321945,T/G
12,1322384,G/T
12,1498413,C/T
12,1919903,C/T
12,2591402,T/G
12,3347643,A/G
12,3347655,A/G
12,3347669,A/G
12,3347675,A/G
12,3347688,A/G
12,3347872,T/C
12,3347887,G/A
12,3347924,T/C
12,3347926,A/G
12,3361552,C/T
12,3481267,T/A
12,3552458,A/T
12,3552459,G/A
12,3643166,C/T
12,6843455,A/G
12,7217329,C/T
12,8296211,C/T
12,10099934,T/A
12,10099980,G/A
13,902924,C/T
13,1217949,G/T
13,1217956,T/C
13,1811289,G/A
13,1811299,T/C
13,1811303,C/T
13,1811318,A/G
13,1811332,T/C
13,1811336,T/C
13,1811364,T/C
13,1811398,T/G
13,1811400,C/T
13,1820909,A/G
13,1820920,A/G
13,1820925,T/C
13,1820944,C/A
13,1821008,T/G
13,1844712,T/C
13,1844779,A/G
13,1844787,C/T
13,1844796,T/C
13,1844804,A/G
13,1844817,T/A
13,1847698,A/G
13,1847720,T/C
13,1849862,C/T
13,2816216,T/G
13,4409724,G/C
13,4695208,T/A
13,4695520,C/T
13,4695542,G/C
13,4854639,A/T
13,4854899,T/A
13,4854932,G/A
13,4951604,T/G
13,4951607,C/A
13,4951608,T/A
13,4951610,C/T
13,4951611,G/A
13,4951612,T/G
13,4951616,A/G
13,4951617,A/G
13,4951618,A/C
13,4951619,T/G
13,5366983,G/T
13,5366995,C/G
13,5366996,G/A
13,5422210,T/C
13,5457657,T/G
13,5464326,G/A
13,5464353,G/A
13,5487456,A/C
13,5487496,C/A
13,5487497,A/C
13,5487500,T/C
13,5684009,A/G
13,5684299,G/C
13,5846999,C/T
13,6870963,G/T
13,6960665,T/G
13,7113758,A/G
13,7440917,A/G
13,7866417,G/A
13,7989727,C/T
13,8029180,T/A
13,8029194,G/A
13,8029210,A/G
13,8332032,G/T
13,8368532,G/T
13,8408369,T/G
14,246583,A/G
14,452551,T/C
14,664870,T/C
14,679699,A/G
14,758199,T/C
14,1458742,A/T
14,1604848,A/C
14,1829692,T/G
14,2027330,G/A
14,2067796,A/T
14,2861470,G/C
14,2912771,G/A
14,2947636,A/G
14,2947644,A/T
14,3054496,C/T
14,3054702,A/G
14,3292907,C/T
14,3749357,C/A
14,4261304,G/T
14,4365030,G/T
14,4365513,G/T
14,5077936,T/C
14,5077956,C/T
14,5098563,C/T
14,5098938,C/T
14,5297624,T/C
14,8394265,A/T
14,9051051,A/T
14,9051060,T/C
14,9051301,G/T
14,9051304,A/T
14,9722904,A/C
14,9836506,G/A
14,9917696,G/A
14,9917705,T/C
14,9917714,C/G
14,10006874,T/C
14,10174980,T/C
14,10668077,G/A
14,10668109,G/A
14,10810902,C/T
14,10810923,T/G
14,11034623,C/T
14,11069993,G/T
14,11070032,G/A
14,11070037,G/T
14,11070102,A/G
14,11070243,T/C
14,11070259,G/T
14,11070274,G/A
14,11129256,G/T
14,11129257,T/G
14,11167509,T/C
14,11191427,A/G
14,11277042,T/C
14,11339364,G/A
14,11339366,T/C
14,11736582,C/T
14,11980731,G/A
14,11980985,G/A
14,13289838,C/A
14,13361467,A/G
14,14353394,A/G
14,14410543,G/A
14,14410557,C/T
14,14410564,G/A
14,14496078,A/G
14,14768464,G/A
14,14768472,G/A
15,376859,A/G
15,397044,C/T
15,423506,A/G
15,1157666,G/A
15,1158232,A/G
15,1510255,T/C
15,1932338,T/C
15,1932714,T/A
15,1946328,T/C
15,1946332,C/T
15,1946333,A/T
15,1946334,C/T
15,1946335,A/C
15,1946337,A/C
15,2255657,G/A
15,2255697,A/C
15,2948433,G/A
15,2948815,T/G
15,3172473,T/G
15,3550398,T/G
15,3550408,A/T
15,4210893,G/C
15,4285380,T/G
15,4285386,G/T
15,4315152,C/T
15,4315510,A/G
15,4315525,A/T
15,4315537,G/T
15,4522776,A/C
15,6762525,G/A
15,7616911,C/T
15,7616944,A/T
15,7807329,A/T
15,8077048,G/A
15,8077370,G/C
15,8077387,T/C
15,8077389,G/T
15,8077395,G/T
15,8315943,A/T
15,8315945,G/T
15,8388906,C/T
15,8513405,G/C
15,9068974,A/G
15,9068992,T/A
15,9069213,A/T
15,9069246,G/A
16,364220,A/C
16,783232,T/C
16,815131,G/A
16,1087025,G/A
16,1087227,A/G
16,1087228,T/C
16,2008248,A/C
16,2281920,A/G
16,2283006,A/T
16,2283032,T/C
16,2283050,T/C
16,2431980,G/A
16,2471395,T/C
16,2779308,T/A
16,3102450,G/A
16,3188779,G/C
16,3215391,C/T
16,3215812,G/A
16,4063862,A/T
16,4233845,G/C
16,5677588,T/C
16,5677590,A/C
16,5677596,A/G
16,5677598,G/A
16,5939837,G/T
16,5939868,C/T
16,5939879,A/G
16,6114740,T/C
16,6114743,A/G
16,6114759,C/A
16,6114773,T/C
16,6114775,C/A
16,6114783,C/A
16,6114796,C/A
16,6115000,T/C
16,6115002,C/T
16,6115006,T/C
16,6115008,A/G
16,6115015,T/C
16,6115020,A/T
16,6115022,G/T
16,6115027,T/C
16,6115031,G/T
16,6115034,A/G
16,6856697,C/G
16,8058451,C/T
16,8058834,C/G
16,8570872,T/C
16,8571194,T/C
16,8698536,A/T
16,9215234,T/A
16,9215556,C/T
16,9605303,A/T
16,9605324,A/C
16,9605326,T/C
16,9605329,A/C
16,9605331,A/G
16,9605339,C/A
16,9605561,T/G
16,9605563,T/C
16,9605568,A/G
16,9605570,A/G
16,9605572,A/G
16,9605587,T/C
16,9605601,A/G
16,9608589,G/A
16,9608621,T/C
16,9608628,C/A
16,9608820,A/G
16,9608831,A/G
16,9745327,G/T
17,76012,T/C
17,84396,G/T
17,277824,A/T
17,1444445,C/T
17,1690797,G/A
17,1690834,A/G
17,3546145,G/A
17,3546469,G/A
17,4055866,C/G
17,4350036,T/G
17,4462505,T/C
17,4541928,A/G
17,4542238,G/A
17,4542242,A/C
17,4602826,A/G
17,4602837,C/T
17,4834309,A/G
17,5373056,T/C
17,5373057,C/T
17,6367137,C/T
17,6384712,T/A
17,6698301,T/C
17,6698614,C/A
17,6728596,C/T
17,6728823,G/A
17,6859529,A/G
17,7004275,A/G
17,7004289,A/G
17,7004295,C/T
17,7004557,T/C
17,7755065,T/C
17,7755362,T/C
17,7755373,T/C
17,7908417,C/T
17,7909550,G/A
17,8075957,C/A
17,8244563,T/A
17,8288613,G/A
17,8904923,C/A
17,8911120,C/A
17,8911121,T/G
17,8911123,G/C
17,8911124,A/C
17,9044687,G/A
17,9044888,T/A
17,9155080,T/C
17,9287861,A/G
17,9288098,T/G
18,1285432,C/T
18,1285773,G/A
18,1516954,A/G
18,1516975,G/A
18,1517187,C/A
18,1517208,T/A
18,1935381,G/A
18,1944357,A/T
18,1944377,C/T
18,1944378,A/G
18,1944381,C/A
18,1944384,A/C
18,1944386,C/A
18,1944388,C/A
18,1944619,T/C
18,1944644,C/T
18,1944645,G/A
18,2128177,C/A
18,2287746,T/A
18,2461900,G/C
18,2536557,A/G
18,3855151,G/A
18,3855177,C/T
18,7177419,G/A
18,7189521,C/A
18,7189554,G/C
18,7189860,A/T
18,7913201,G/A
18,8876407,C/T
18,9196044,T/A
18,9196347,C/T
18,9521072,T/A
18,9521074,G/C
19,516126,G/A
19,1429557,A/G
19,1800620,A/G
19,2434900,T/G
19,5354834,C/T
19,5354851,C/T
19,5512490,G/T
19,5512766,T/C
19,5512774,T/A
19,5770580,T/G
19,5819990,A/G
19,5820348,C/T
19,5820360,C/T
19,5820724,G/T
19,5820726,A/C
19,5820731,C/G
19,6300918,A/G
19,6300919,T/C
19,6572133,T/G
19,7596308,T/A
19,7596317,T/C
19,7596347,C/T
19,7646444,C/T
19,7646460,A/G
19,7646463,A/G
19,7646471,T/C
19,7690520,A/G
19,7771328,G/A
19,7947073,G/T
19,7947087,C/A
19,7971228,T/C
19,8123733,A/C
19,8529085,C/A
19,8847736,G/A
19,8847748,C/T
19,8848378,G/A
20,173231,A/T
20,173245,A/G
20,173477,G/A
20,198000,T/C
20,1087480,G/A
20,1206121,C/T
20,1206122,G/A
20,1206419,T/C
20,1798414,T/C
20,2067297,G/A
20,2211757,A/G
20,2534006,C/A
20,2534022,G/T
20,3324536,G/A
20,3324550,C/A
20,3416103,A/G
20,3416111,G/C
20,3704389,T/C
20,3704392,A/G
20,4049481,C/G
20,4049733,T/A
20,4050209,A/T
20,8989476,C/T
